ResponseId,StartDate,Finished,Duration_secs,Role_code,Role_label,Role_original,Tools_text,Q3,Q4,Q5,Q6,Q7,Q8,Q9,Q10,Q11,Q12,Q13,Q14,Q15,Q16,Q17,Q18,Q19,Q20,Q21_usage,Q22_openness_self,Q23_positive_effect,Q24_team_openness,Q25_difficulty,BirthYear,Age_2022,YrsAtOrigin,YrsInEnergy,Education_code,Education_ordinal,Education_label,Gender_code,Gender_label,domain_Data_Analytics,domain_Comm_Collab,domain_Safety_Security,domain_Ethics_Responsibility,domain_Digital_Innovation,domain_Coding
R_2BbSl1p27yEo3LP,2022-11-15,1,186,4,Corporate,Corporate,"Microsoft Excel, Word, or PowerPoint",1.0,3.0,3.0,2.0,3.0,2.0,1.0,1.0,3.0,4.0,4.0,4.0,4.0,3.0,2.0,2.0,3.0,3.0,1.0,4.0,4.0,4.0,2.0,1981,41,12.0,12.0,3,4,Master's,1,Male,2.25,1.75,3.6667,3.6667,2.3333,3.0
R_1mWvYYHCrqpFgN3,2022-11-15,1,302,6,Graduate,Digital/Data/Technology,"Microsoft Excel, Word, or PowerPoint,Business databases (e.g., PI, IDH, EDH, SAP, dbMap, or WellView)",6.0,6.0,6.0,6.0,6.0,6.0,6.0,5.0,6.0,6.0,6.0,6.0,4.0,5.0,6.0,6.0,6.0,6.0,4.0,4.0,3.0,3.0,3.0,1982,40,3.0,3.0,2,3,Bachelor's,2,Female,6.0,5.75,6.0,5.0,6.0,6.0
R_3qQJmgnpXcdl7Rv,2022-11-15,1,369,3,Commercial,Commercial,"Microsoft Excel, Word, or PowerPoint,Other",1.0,2.0,4.0,4.0,4.0,3.0,3.0,2.0,2.0,4.0,4.0,4.0,2.0,2.0,3.0,2.0,2.0,3.0,3.0,5.0,5.0,4.0,4.0,1982,40,1.0,15.0,2,3,Bachelor's,1,Male,2.75,3.0,3.3333,2.6667,2.3333,3.0
R_6Dv39jxZfhPI1Dr,2022-11-15,1,423,2,Engineer,Engineer,"Microsoft Excel, Word, or PowerPoint,Business databases (e.g., PI, IDH, EDH, SAP, dbMap, or WellView),Other",4.0,5.0,5.0,4.0,5.0,4.0,5.0,4.0,4.0,5.0,4.0,4.0,2.0,2.0,4.0,3.0,2.0,5.0,2.0,5.0,5.0,3.0,2.0,1976,46,8.0,11.0,2,3,Bachelor's,1,Male,4.5,4.5,4.3333,2.6667,3.0,5.0
R_1hLUezy962U76yh,2022-11-15,1,497,2,Engineer,Engineer,"Microsoft Excel, Word, or PowerPoint,Python or R,Business databases (e.g., PI, IDH, EDH, SAP, dbMap, or WellView)",2.0,2.0,3.0,4.0,5.0,3.0,4.0,3.0,5.0,5.0,5.0,4.0,3.0,2.0,3.0,2.0,2.0,3.0,4.0,5.0,4.0,2.0,3.0,1988,34,5.0,12.0,2,3,Bachelor's,2,Female,2.75,3.75,5.0,3.0,2.3333,3.0
R_R80pOIMorCUa6dj,2022-11-15,1,385,2,Engineer,Engineer,"Microsoft Excel, Word, or PowerPoint,MyDay, Tableau, PI Vision, or Spotfire,Business databases (e.g., PI, IDH, EDH, SAP, dbMap, or WellView),Internal business applications (e.g., DIMO, MyDay, WPA, Turndown Tool, or WIT)",3.0,4.0,5.0,4.0,5.0,4.0,5.0,5.0,5.0,5.0,5.0,5.0,4.0,2.0,4.0,3.0,3.0,2.0,3.0,4.0,3.0,4.0,3.0,1990,32,10.0,12.0,7,2,Trade/professional cert,1,Male,4.0,4.75,5.0,3.6667,3.3333,2.0
R_DP1UNmU1tihnWfv,2022-11-15,1,388,7,Other,Other,"Microsoft Excel, Word, or PowerPoint,Internal business applications (e.g., DIMO, MyDay, WPA, Turndown Tool, or WIT),Other",2.0,6.0,5.0,5.0,5.0,5.0,5.0,3.0,4.0,3.0,3.0,4.0,1.0,2.0,2.0,3.0,3.0,2.0,3.0,2.0,5.0,2.0,2.0,1978,44,9.0,12.0,3,4,Master's,1,Male,4.5,4.5,3.3333,2.3333,2.6667,2.0
R_2qjvRjBL6s2bHH7,2022-11-15,1,563,2,Engineer,Engineer,"Microsoft Excel, Word, or PowerPoint,MyDay, Tableau, PI Vision, or Spotfire,Business databases (e.g., PI, IDH, EDH, SAP, dbMap, or WellView),Internal business applications (e.g., DIMO, MyDay, WPA, Turndown Tool, or WIT)",1.0,3.0,5.0,5.0,4.0,4.0,4.0,2.0,5.0,5.0,5.0,5.0,5.0,5.0,5.0,3.0,2.0,2.0,2.0,4.0,4.0,4.0,3.0,1987,35,1.0,11.0,3,4,Master's,1,Male,3.5,3.5,5.0,5.0,3.3333,2.0
R_2rBMY6396qgxtnX,2022-11-15,1,588,1,Field Operations,Field Operations,"Microsoft Excel, Word, or PowerPoint,MyDay, Tableau, PI Vision, or Spotfire,Business databases (e.g., PI, IDH, EDH, SAP, dbMap, or WellView),Internal business applications (e.g., DIMO, MyDay, WPA, Turndown Tool, or WIT)",3.0,3.0,2.0,3.0,3.0,3.0,4.0,3.0,4.0,3.0,3.0,3.0,1.0,1.0,2.0,2.0,1.0,1.0,3.0,5.0,4.0,3.0,3.0,1966,56,18.0,18.0,7,2,Trade/professional cert,1,Male,2.75,3.25,3.3333,1.6667,1.6667,1.0
R_3fqrqH7IqGIkBBw,2022-11-15,1,394,6,Graduate,Commercial,"Microsoft Excel, Word, or PowerPoint,MyDay, Tableau, PI Vision, or Spotfire",2.0,3.0,3.0,3.0,4.0,3.0,4.0,3.0,4.0,4.0,4.0,4.0,4.0,4.0,3.0,2.0,2.0,1.0,3.0,5.0,5.0,4.0,,1984,38,0.5,0.5,3,4,Master's,2,Female,2.75,3.5,4.0,4.0,2.3333,1.0
R_1OThaWKLiAH88hK,2022-11-15,1,456,2,Engineer,Engineer,"Microsoft Excel, Word, or PowerPoint,MyDay, Tableau, PI Vision, or Spotfire,Business databases (e.g., PI, IDH, EDH, SAP, dbMap, or WellView)",1.0,6.0,5.0,5.0,6.0,4.0,6.0,3.0,2.0,4.0,2.0,4.0,2.0,4.0,4.0,3.0,4.0,1.0,2.0,5.0,4.0,3.0,3.0,1991,31,7.0,8.0,3,4,Master's,1,Male,4.25,4.75,2.6667,3.3333,3.6667,1.0
R_2TAio5tk1ifCPj5,2022-11-15,1,670,4,Corporate,Corporate,"Microsoft Excel, Word, or PowerPoint,MyDay, Tableau, PI Vision, or Spotfire,Business databases (e.g., PI, IDH, EDH, SAP, dbMap, or WellView),Internal business applications (e.g., DIMO, MyDay, WPA, Turndown Tool, or WIT)",2.0,3.0,3.0,3.0,5.0,5.0,5.0,4.0,5.0,4.0,5.0,6.0,3.0,3.0,5.0,5.0,4.0,2.0,3.0,5.0,5.0,3.0,4.0,1978,44,8.0,8.0,3,4,Master's,1,Male,2.75,4.75,4.6667,4.0,4.6667,2.0
R_3KTu60cYbBpUxEU,2022-11-15,1,342,3,Commercial,Commercial,"Microsoft Excel, Word, or PowerPoint",2.0,3.0,3.0,3.0,4.0,2.0,4.0,1.0,4.0,4.0,3.0,4.0,1.0,2.0,2.0,2.0,1.0,1.0,2.0,4.0,4.0,3.0,4.0,1988,34,6.0,11.0,3,4,Master's,2,Female,2.75,2.75,3.6667,2.3333,1.6667,1.0
R_1M56nh3Tqfu7xYS,2022-11-15,1,576,7,Other,Other,"Microsoft Excel, Word, or PowerPoint,Business databases (e.g., PI, IDH, EDH, SAP, dbMap, or WellView),Other",2.0,5.0,4.0,5.0,5.0,4.0,5.0,3.0,4.0,4.0,4.0,5.0,3.0,3.0,4.0,4.0,3.0,2.0,3.0,4.0,4.0,3.0,3.0,1987,35,5.0,7.0,2,3,Bachelor's,2,Female,4.0,4.25,4.0,3.6667,3.6667,2.0
R_3fMFqO1blLSigBj,2022-11-15,1,799,3,Commercial,Commercial,"Microsoft Excel, Word, or PowerPoint,Business databases (e.g., PI, IDH, EDH, SAP, dbMap, or WellView)",1.0,1.0,1.0,1.0,3.0,2.0,2.0,2.0,4.0,4.0,4.0,4.0,2.0,2.0,1.0,2.0,1.0,1.0,2.0,3.0,4.0,3.0,3.0,,,8.0,20.0,7,2,Trade/professional cert,4,Prefer not to say,1.0,2.25,4.0,2.6667,1.3333,1.0
R_2f8yIza8Nq1gBDG,2022-11-15,1,497,3,Commercial,Commercial,"Microsoft Excel, Word, or PowerPoint,Other",3.0,3.0,4.0,4.0,5.0,4.0,5.0,1.0,5.0,5.0,4.0,6.0,2.0,2.0,3.0,3.0,3.0,2.0,3.0,5.0,4.0,3.0,2.0,1983,39,5.0,13.0,2,3,Bachelor's,2,Female,3.5,3.75,4.6667,3.3333,3.0,2.0
R_s5OImZTTXOK0a65,2022-11-15,1,387,1,Field Operations,Field Operations,"Microsoft Excel, Word, or PowerPoint,MyDay, Tableau, PI Vision, or Spotfire,Internal business applications (e.g., DIMO, MyDay, WPA, Turndown Tool, or WIT)",4.0,2.0,4.0,4.0,4.0,2.0,4.0,1.0,5.0,5.0,5.0,5.0,1.0,4.0,3.0,2.0,2.0,1.0,3.0,4.0,3.0,3.0,3.0,1977,45,1.0,15.0,7,2,Trade/professional cert,1,Male,3.5,2.75,5.0,3.3333,2.3333,1.0
R_roSiqvTL90swX8B,2022-11-15,1,947,2,Engineer,Engineer,"Microsoft Excel, Word, or PowerPoint,MyDay, Tableau, PI Vision, or Spotfire",3.0,3.0,4.0,3.0,4.0,2.0,3.0,3.0,2.0,5.0,3.0,4.0,2.0,1.0,4.0,2.0,2.0,2.0,2.0,4.0,4.0,4.0,1.0,1980,42,9.0,17.0,2,3,Bachelor's,1,Male,3.25,3.0,3.3333,2.3333,2.6667,2.0
R_3nu4fuBl7sAl8zN,2022-11-15,1,341,7,Other,Other,"Microsoft Excel, Word, or PowerPoint,MyDay, Tableau, PI Vision, or Spotfire,Business databases (e.g., PI, IDH, EDH, SAP, dbMap, or WellView),Internal business applications (e.g., DIMO, MyDay, WPA, Turndown Tool, or WIT),Other",3.0,3.0,3.0,4.0,4.0,3.0,4.0,2.0,4.0,4.0,4.0,5.0,3.0,4.0,4.0,4.0,4.0,1.0,3.0,4.0,4.0,3.0,4.0,1984,38,8.0,13.0,2,3,Bachelor's,2,Female,3.25,3.25,4.0,4.0,4.0,1.0
R_12bWpdcHTTzKnQv,2022-11-15,1,934,6,Graduate,Graduate,"Microsoft Excel, Word, or PowerPoint,Business databases (e.g., PI, IDH, EDH, SAP, dbMap, or WellView)",3.0,4.0,3.0,3.0,4.0,3.0,4.0,2.0,2.0,4.0,3.0,4.0,2.0,2.0,3.0,2.0,2.0,2.0,3.0,3.0,3.0,4.0,3.0,1995,27,,2.0,3,4,Master's,2,Female,3.25,3.25,3.0,2.6667,2.3333,2.0
R_9nLqmVCSUkvTGh3,2022-11-15,1,959,5,Digital/Data/Technology,Digital/Data/Technology,"Microsoft Excel, Word, or PowerPoint,MyDay, Tableau, PI Vision, or Spotfire,Python or R,Business databases (e.g., PI, IDH, EDH, SAP, dbMap, or WellView)",5.0,3.0,4.0,5.0,5.0,5.0,4.0,4.0,4.0,3.0,2.0,4.0,2.0,3.0,4.0,3.0,2.0,5.0,5.0,5.0,4.0,4.0,3.0,1994,28,4.0,4.0,2,3,Bachelor's,2,Female,4.25,4.5,3.0,3.0,3.0,5.0
R_2dW8PY5u3jEsOFP,2022-11-15,1,629,6,Graduate,Corporate,"Microsoft Excel, Word, or PowerPoint,Business databases (e.g., PI, IDH, EDH, SAP, dbMap, or WellView),Other",2.0,4.0,4.0,5.0,3.0,4.0,4.0,2.0,2.0,2.0,2.0,3.0,1.0,1.0,1.0,3.0,1.0,1.0,3.0,4.0,5.0,3.0,4.0,1987,35,1.0,1.0,2,3,Bachelor's,2,Female,3.75,3.25,2.0,1.6667,1.6667,1.0
R_3n2wU8lKS0Avxgf,2022-11-15,1,385,3,Commercial,Commercial,"Microsoft Excel, Word, or PowerPoint,Business databases (e.g., PI, IDH, EDH, SAP, dbMap, or WellView)",4.0,6.0,5.0,5.0,5.0,5.0,5.0,5.0,4.0,4.0,3.0,4.0,2.0,1.0,4.0,4.0,4.0,3.0,4.0,4.0,4.0,3.0,3.0,1993,29,3.0,5.0,2,3,Bachelor's,2,Female,5.0,5.0,3.6667,2.3333,4.0,3.0
R_w7NE5JWwmOBW5vH,2022-11-15,1,557,4,Corporate,Corporate,"Microsoft Excel, Word, or PowerPoint,Other",3.0,3.0,2.0,3.0,3.0,4.0,3.0,3.0,3.0,3.0,3.0,3.0,2.0,2.0,1.0,1.0,2.0,1.0,2.0,3.0,3.0,2.0,3.0,,,18.0,30.0,5,,Other,1,Male,2.75,3.25,3.0,2.3333,1.3333,1.0
R_1fkCTmol1PMvvf8,2022-11-15,1,381,6,Graduate,Field Operations,"Microsoft Excel, Word, or PowerPoint,Internal business applications (e.g., DIMO, MyDay, WPA, Turndown Tool, or WIT)",1.0,3.0,3.0,4.0,4.0,3.0,4.0,1.0,4.0,4.0,4.0,4.0,1.0,2.0,2.0,3.0,2.0,1.0,2.0,4.0,4.0,4.0,4.0,1966,56,,1.0,1,1,High school,2,Female,2.75,3.0,4.0,2.3333,2.3333,1.0
R_3HGNwh7gVWor9iQ,2022-11-15,1,432,2,Engineer,Engineer,"Microsoft Excel, Word, or PowerPoint",2.0,2.0,4.0,4.0,5.0,4.0,5.0,3.0,4.0,3.0,3.0,4.0,3.0,3.0,3.0,2.0,,1.0,2.0,2.0,3.0,1.0,2.0,,,12.0,12.0,2,3,Bachelor's,1,Male,3.0,4.25,3.3333,3.3333,2.5,1.0
R_2TyZYJyvaXvBTMl,2022-11-15,1,543,6,Graduate,Field Operations,"Microsoft Excel, Word, or PowerPoint,MyDay, Tableau, PI Vision, or Spotfire,Internal business applications (e.g., DIMO, MyDay, WPA, Turndown Tool, or WIT)",1.0,3.0,4.0,2.0,4.0,1.0,2.0,1.0,4.0,5.0,4.0,4.0,2.0,2.0,1.0,2.0,1.0,1.0,3.0,5.0,2.0,2.0,3.0,1999,23,3.0,3.0,7,2,Trade/professional cert,2,Female,2.5,2.0,4.3333,2.6667,1.3333,1.0
R_1mKuQoJDeI5XMyu,2022-11-15,1,615,2,Engineer,Engineer,"Microsoft Excel, Word, or PowerPoint,Business databases (e.g., PI, IDH, EDH, SAP, dbMap, or WellView),Internal business applications (e.g., DIMO, MyDay, WPA, Turndown Tool, or WIT)",2.0,3.0,4.0,4.0,3.0,3.0,3.0,2.0,3.0,2.0,2.0,2.0,2.0,2.0,3.0,3.0,1.0,2.0,3.0,4.0,4.0,2.0,3.0,1986,36,15.0,15.0,2,3,Bachelor's,2,Female,3.25,2.75,2.3333,2.0,2.3333,2.0
R_11Z1T89aUOCEDyN,2022-11-15,1,730,6,Graduate,Other,"Microsoft Excel, Word, or PowerPoint,Other",2.0,3.0,3.0,3.0,5.0,3.0,4.0,2.0,4.0,4.0,4.0,4.0,1.0,2.0,3.0,2.0,1.0,2.0,3.0,4.0,3.0,3.0,,1970,52,0.333,2.0,7,2,Trade/professional cert,1,Male,2.75,3.5,4.0,2.3333,2.0,2.0
R_33atXs1Qyq3pEkQ,2022-11-15,1,640,2,Engineer,Engineer,"Microsoft Excel, Word, or PowerPoint,MyDay, Tableau, PI Vision, or Spotfire,Business databases (e.g., PI, IDH, EDH, SAP, dbMap, or WellView),Internal business applications (e.g., DIMO, MyDay, WPA, Turndown Tool, or WIT)",1.0,5.0,6.0,5.0,4.0,5.0,5.0,2.0,5.0,5.0,5.0,6.0,1.0,4.0,5.0,5.0,2.0,1.0,5.0,4.0,4.0,2.0,3.0,1977,45,4.0,25.0,2,3,Bachelor's,2,Female,4.25,4.0,5.0,3.6667,4.0,1.0
R_2dzIEMK1yGbhKiL,2022-11-15,1,976,2,Engineer,Engineer,"Microsoft Excel, Word, or PowerPoint,MyDay, Tableau, PI Vision, or Spotfire,Business databases (e.g., PI, IDH, EDH, SAP, dbMap, or WellView),Internal business applications (e.g., DIMO, MyDay, WPA, Turndown Tool, or WIT)",3.0,3.0,5.0,6.0,6.0,6.0,5.0,3.0,4.0,4.0,4.0,3.0,1.0,3.0,3.0,2.0,1.0,2.0,2.0,5.0,5.0,3.0,3.0,1982,40,6.0,6.0,2,3,Bachelor's,1,Male,4.25,5.0,4.0,2.3333,2.0,2.0
R_AHxemJvwQEcO0GB,2022-11-15,1,671,3,Commercial,Commercial,"Microsoft Excel, Word, or PowerPoint",2.0,3.0,2.0,5.0,4.0,4.0,4.0,3.0,2.0,3.0,3.0,4.0,2.0,1.0,5.0,2.0,4.0,2.0,3.0,4.0,4.0,3.0,3.0,1980,42,13.0,18.0,2,3,Bachelor's,1,Male,3.0,3.75,2.6667,2.3333,3.6667,2.0
R_25FKyP8RvBivT0s,2022-11-15,1,1245,3,Commercial,Commercial,"Microsoft Excel, Word, or PowerPoint",1.0,3.0,1.0,3.0,4.0,1.0,1.0,1.0,4.0,4.0,3.0,5.0,1.0,1.0,1.0,1.0,1.0,1.0,2.0,5.0,3.0,4.0,4.0,1975,47,8.0,8.0,3,4,Master's,1,Male,2.0,1.75,3.6667,2.3333,1.0,1.0
R_43eYkmlrofu0I9z,2022-11-15,1,292,1,Field Operations,Field Operations,"Microsoft Excel, Word, or PowerPoint,MyDay, Tableau, PI Vision, or Spotfire,Business databases (e.g., PI, IDH, EDH, SAP, dbMap, or WellView)",5.0,6.0,6.0,6.0,6.0,6.0,6.0,5.0,5.0,5.0,4.0,4.0,2.0,3.0,5.0,5.0,3.0,3.0,4.0,5.0,5.0,2.0,4.0,1984,38,0.167,20.0,7,2,Trade/professional cert,1,Male,5.75,5.75,4.6667,3.0,4.3333,3.0
R_1FDoE46VRqN3ggn,2022-11-15,1,418,6,Graduate,Graduate,"Microsoft Excel, Word, or PowerPoint,Python or R,Business databases (e.g., PI, IDH, EDH, SAP, dbMap, or WellView)",3.0,2.0,3.0,3.0,4.0,2.0,3.0,1.0,2.0,4.0,1.0,4.0,1.0,1.0,4.0,3.0,2.0,5.0,4.0,4.0,4.0,2.0,4.0,,,0.5,0.5,4,5,Doctoral,2,Female,2.75,2.5,2.3333,2.0,3.0,5.0
R_1jP2vwVlDm42EWG,2022-11-15,1,500,4,Corporate,Corporate,"Microsoft Excel, Word, or PowerPoint",2.0,4.0,5.0,5.0,4.0,4.0,5.0,4.0,5.0,4.0,3.0,6.0,2.0,3.0,4.0,4.0,3.0,1.0,4.0,4.0,4.0,3.0,3.0,1982,40,11.0,13.0,2,3,Bachelor's,2,Female,4.0,4.25,4.0,3.6667,3.6667,1.0
R_1Lu833vO4EVDCZy,2022-11-15,1,302,1,Field Operations,Field Operations,"Microsoft Excel, Word, or PowerPoint,MyDay, Tableau, PI Vision, or Spotfire,Internal business applications (e.g., DIMO, MyDay, WPA, Turndown Tool, or WIT)",2.0,3.0,4.0,4.0,5.0,4.0,5.0,2.0,6.0,6.0,4.0,6.0,3.0,4.0,3.0,4.0,4.0,1.0,3.0,4.0,4.0,1.0,4.0,1966,56,9.0,9.0,2,3,Bachelor's,2,Female,3.25,4.0,5.3333,4.3333,3.6667,1.0
R_3HTvgWsC7UTsTuu,2022-11-15,1,550,1,Field Operations,Field Operations,"Microsoft Excel, Word, or PowerPoint",1.0,3.0,3.0,3.0,3.0,3.0,3.0,1.0,4.0,4.0,3.0,4.0,1.0,2.0,2.0,1.0,1.0,1.0,2.0,4.0,4.0,5.0,2.0,1970,52,0.5,15.0,7,2,Trade/professional cert,1,Male,2.5,2.5,3.6667,2.3333,1.3333,1.0
R_31Aaw4CcgQsM6Xy,2022-11-15,1,606,3,Commercial,Commercial,"Microsoft Excel, Word, or PowerPoint,MyDay, Tableau, PI Vision, or Spotfire,Business databases (e.g., PI, IDH, EDH, SAP, dbMap, or WellView)",4.0,5.0,4.0,5.0,5.0,4.0,5.0,1.0,5.0,5.0,4.0,5.0,4.0,5.0,3.0,3.0,2.0,2.0,2.0,5.0,5.0,2.0,3.0,1976,46,3.5,25.0,4,5,Doctoral,2,Female,4.5,3.75,4.6667,4.6667,2.6667,2.0
R_27yuhEyeaiH0hqe,2022-11-15,1,488,7,Other,Other,"Microsoft Excel, Word, or PowerPoint",4.0,3.0,4.0,4.0,4.0,3.0,4.0,1.0,5.0,5.0,3.0,5.0,3.0,3.0,2.0,2.0,2.0,1.0,3.0,4.0,4.0,4.0,3.0,1973,49,8.0,15.0,3,4,Master's,2,Female,3.75,3.0,4.3333,3.6667,2.0,1.0
R_3O8EQFd0rSj6ucd,2022-11-15,1,1447,7,Other,Other,"Microsoft Excel, Word, or PowerPoint",1.0,3.0,3.0,4.0,2.0,3.0,3.0,1.0,2.0,2.0,2.0,4.0,1.0,2.0,1.0,2.0,1.0,1.0,2.0,3.0,2.0,3.0,,1971,51,2.5,25.0,3,4,Master's,2,Female,2.75,2.25,2.0,2.3333,1.3333,1.0
R_3DiKKefcC0fvLx9,2022-11-15,1,997,2,Engineer,Engineer,"Microsoft Excel, Word, or PowerPoint,Business databases (e.g., PI, IDH, EDH, SAP, dbMap, or WellView)",5.0,5.0,5.0,5.0,5.0,5.0,5.0,1.0,4.0,5.0,5.0,5.0,4.0,4.0,5.0,5.0,4.0,2.0,2.0,4.0,3.0,2.0,3.0,1979,43,3.0,11.0,3,4,Master's,2,Female,5.0,4.0,4.6667,4.3333,4.6667,2.0
R_1jAHWG1KbA2I4UU,2022-11-15,1,299,2,Engineer,Engineer,"Microsoft Excel, Word, or PowerPoint,MyDay, Tableau, PI Vision, or Spotfire,Business databases (e.g., PI, IDH, EDH, SAP, dbMap, or WellView),Other",4.0,5.0,5.0,5.0,5.0,,5.0,4.0,4.0,5.0,4.0,5.0,4.0,4.0,5.0,6.0,4.0,5.0,4.0,5.0,5.0,3.0,4.0,1992,30,1.0,8.0,2,3,Bachelor's,1,Male,4.75,4.6667,4.3333,4.3333,5.0,5.0
R_1jfd2iXmPIxPdfx,2022-11-15,1,250,3,Commercial,Commercial,"Microsoft Excel, Word, or PowerPoint",1.0,3.0,3.0,,3.0,3.0,3.0,2.0,4.0,5.0,4.0,3.0,2.0,2.0,2.0,2.0,2.0,1.0,2.0,3.0,4.0,4.0,1.0,1981,41,11.0,11.0,3,4,Master's,2,Female,2.3333,2.75,4.3333,2.3333,2.0,1.0
R_30eQ95zmqToNy9e,2022-11-15,1,929,7,Other,Other,"Microsoft Excel, Word, or PowerPoint,Other",1.0,2.0,2.0,1.0,3.0,1.0,2.0,1.0,4.0,4.0,4.0,5.0,1.0,2.0,1.0,2.0,1.0,1.0,2.0,4.0,3.0,3.0,3.0,1987,35,7.0,9.0,2,3,Bachelor's,2,Female,1.5,1.75,4.0,2.6667,1.3333,1.0
R_1jwH6jC3Bkp3DaN,2022-11-15,1,1702,2,Engineer,Engineer,"Microsoft Excel, Word, or PowerPoint,Business databases (e.g., PI, IDH, EDH, SAP, dbMap, or WellView),Internal business applications (e.g., DIMO, MyDay, WPA, Turndown Tool, or WIT)",2.0,3.0,4.0,5.0,4.0,4.0,4.0,2.0,3.0,4.0,3.0,4.0,1.0,1.0,1.0,2.0,2.0,2.0,3.0,3.0,4.0,3.0,3.0,1977,45,11.0,21.0,2,3,Bachelor's,1,Male,3.5,3.5,3.3333,2.0,1.6667,2.0
R_By7WrrStywu7Edj,2022-11-15,1,284,3,Commercial,Commercial,"Microsoft Excel, Word, or PowerPoint,Business databases (e.g., PI, IDH, EDH, SAP, dbMap, or WellView)",4.0,2.0,1.0,1.0,5.0,1.0,2.0,1.0,5.0,5.0,5.0,5.0,1.0,1.0,1.0,2.0,2.0,2.0,2.0,5.0,5.0,4.0,4.0,1976,46,11.0,11.0,2,3,Bachelor's,2,Female,2.0,2.25,5.0,2.3333,1.6667,2.0
R_bkifDBeeAuPMcyB,2022-11-15,1,2237,7,Other,Other,"Microsoft Excel, Word, or PowerPoint,MyDay, Tableau, PI Vision, or Spotfire,Business databases (e.g., PI, IDH, EDH, SAP, dbMap, or WellView),Internal business applications (e.g., DIMO, MyDay, WPA, Turndown Tool, or WIT)",3.0,3.0,3.0,3.0,3.0,2.0,3.0,2.0,3.0,3.0,3.0,3.0,2.0,3.0,3.0,2.0,1.0,1.0,2.0,5.0,4.0,2.0,3.0,1974,48,9.5,11.5,7,2,Trade/professional cert,1,Male,3.0,2.5,3.0,2.6667,2.0,1.0
R_3NChJORc4FzJG8c,2022-11-15,1,940,1,Field Operations,Field Operations,"Microsoft Excel, Word, or PowerPoint,MyDay, Tableau, PI Vision, or Spotfire,Business databases (e.g., PI, IDH, EDH, SAP, dbMap, or WellView),Internal business applications (e.g., DIMO, MyDay, WPA, Turndown Tool, or WIT)",3.0,2.0,1.0,1.0,2.0,2.0,3.0,2.0,3.0,3.0,4.0,4.0,1.0,2.0,2.0,1.0,1.0,1.0,3.0,4.0,3.0,2.0,4.0,1985,37,5.0,10.0,7,2,Trade/professional cert,1,Male,1.75,2.25,3.3333,2.3333,1.3333,1.0
R_3efXjGhigs33wZY,2022-11-15,1,304,1,Field Operations,Field Operations,"Microsoft Excel, Word, or PowerPoint,Internal business applications (e.g., DIMO, MyDay, WPA, Turndown Tool, or WIT),Other",4.0,5.0,5.0,6.0,6.0,5.0,5.0,3.0,5.0,5.0,5.0,6.0,6.0,5.0,5.0,5.0,5.0,4.0,3.0,5.0,4.0,3.0,3.0,,,,,2,3,Bachelor's,4,Prefer not to say,5.0,4.75,5.0,5.6667,5.0,4.0
R_XhaaU8wNDietzB7,2022-11-15,1,1078,6,Graduate,Corporate,"Microsoft Excel, Word, or PowerPoint,Business databases (e.g., PI, IDH, EDH, SAP, dbMap, or WellView),Internal business applications (e.g., DIMO, MyDay, WPA, Turndown Tool, or WIT)",1.0,4.0,2.0,4.0,4.0,3.0,4.0,2.0,4.0,4.0,4.0,4.0,2.0,3.0,3.0,4.0,2.0,2.0,2.0,4.0,4.0,1.0,3.0,1991,31,1.0,1.0,2,3,Bachelor's,2,Female,2.75,3.25,4.0,3.0,3.0,2.0
R_scenQm6KP22DBmN,2022-11-15,1,463,5,Digital/Data/Technology,Digital/Data/Technology,"Microsoft Excel, Word, or PowerPoint,Python or R,Business databases (e.g., PI, IDH, EDH, SAP, dbMap, or WellView),Other",4.0,4.0,5.0,5.0,4.0,5.0,5.0,5.0,4.0,4.0,4.0,4.0,2.0,3.0,5.0,4.0,4.0,6.0,4.0,4.0,4.0,3.0,3.0,1975,47,8.0,17.0,5,,Other,1,Male,4.5,4.75,4.0,3.0,4.3333,6.0
R_2UYIkYrjf1r3cLz,2022-11-15,1,1089,5,Digital/Data/Technology,Digital/Data/Technology,"Microsoft Excel, Word, or PowerPoint,Business databases (e.g., PI, IDH, EDH, SAP, dbMap, or WellView)",3.0,5.0,6.0,6.0,5.0,5.0,5.0,5.0,5.0,4.0,3.0,5.0,2.0,3.0,5.0,3.0,4.0,3.0,4.0,4.0,4.0,3.0,3.0,1964,58,5.0,35.0,5,,Other,1,Male,5.0,5.0,4.0,3.3333,4.0,3.0
R_1MRnFRofUyP1O77,2022-11-15,1,467,7,Other,Other,Other,1.0,3.0,4.0,5.0,3.0,4.0,3.0,1.0,2.0,4.0,3.0,4.0,2.0,6.0,2.0,6.0,1.0,3.0,3.0,4.0,2.0,4.0,2.0,1968,54,14.0,28.0,4,5,Doctoral,1,Male,3.25,2.75,3.0,4.0,3.0,3.0
R_ujCvMNjdPiKBYEF,2022-11-15,1,769,7,Other,Other,"Microsoft Excel, Word, or PowerPoint,MyDay, Tableau, PI Vision, or Spotfire,Business databases (e.g., PI, IDH, EDH, SAP, dbMap, or WellView),Internal business applications (e.g., DIMO, MyDay, WPA, Turndown Tool, or WIT)",2.0,1.0,1.0,1.0,4.0,1.0,1.0,1.0,3.0,2.0,1.0,3.0,1.0,1.0,1.0,1.0,1.0,1.0,1.0,4.0,4.0,3.0,4.0,1965,57,12.0,12.0,2,3,Bachelor's,2,Female,1.25,1.75,2.0,1.6667,1.0,1.0
R_3qEzQalSviZwlBd,2022-11-15,1,505,3,Commercial,Commercial,"Microsoft Excel, Word, or PowerPoint,Business databases (e.g., PI, IDH, EDH, SAP, dbMap, or WellView)",3.0,3.0,4.0,5.0,4.0,3.0,3.0,3.0,4.0,5.0,2.0,3.0,1.0,2.0,2.0,2.0,2.0,1.0,2.0,5.0,5.0,3.0,2.0,1985,37,7.0,10.0,2,3,Bachelor's,1,Male,3.75,3.25,3.6667,2.0,2.0,1.0
R_3Rlo2EpJ5JhXxlo,2022-11-15,1,362,5,Digital/Data/Technology,Digital/Data/Technology,"Microsoft Excel, Word, or PowerPoint,Other",2.0,4.0,2.0,1.0,5.0,3.0,4.0,2.0,4.0,4.0,3.0,5.0,3.0,2.0,3.0,3.0,2.0,3.0,3.0,4.0,4.0,3.0,3.0,1975,47,5.0,5.0,1,1,High school,1,Male,2.25,3.5,3.6667,3.3333,2.6667,3.0
R_CeJOanfvZ4GWrx7,2022-11-15,1,912,4,Corporate,Corporate,"Microsoft Excel, Word, or PowerPoint,Other",1.0,1.0,1.0,4.0,4.0,4.0,4.0,1.0,4.0,4.0,1.0,4.0,1.0,1.0,3.0,1.0,1.0,1.0,2.0,4.0,3.0,4.0,3.0,1974,48,11.0,11.0,3,4,Master's,2,Female,1.75,3.25,3.0,2.0,1.6667,1.0
R_PGwCYllS8fQkcmZ,2022-11-16,1,804,6,Graduate,Digital/Data/Technology,"Microsoft Excel, Word, or PowerPoint,MyDay, Tableau, PI Vision, or Spotfire,Business databases (e.g., PI, IDH, EDH, SAP, dbMap, or WellView),Internal business applications (e.g., DIMO, MyDay, WPA, Turndown Tool, or WIT),Other",4.0,5.0,4.0,4.0,6.0,4.0,5.0,3.0,5.0,5.0,5.0,5.0,4.0,4.0,4.0,5.0,5.0,3.0,4.0,5.0,5.0,3.0,4.0,1966,56,0.167,0.167,5,,Other,2,Female,4.25,4.5,5.0,4.3333,4.6667,3.0
R_2PsPB6RR69b8Zsn,2022-11-15,1,9082,6,Graduate,Digital/Data/Technology,"Microsoft Excel, Word, or PowerPoint,MyDay, Tableau, PI Vision, or Spotfire,Business databases (e.g., PI, IDH, EDH, SAP, dbMap, or WellView),Internal business applications (e.g., DIMO, MyDay, WPA, Turndown Tool, or WIT)",5.0,4.0,5.0,4.0,5.0,3.0,5.0,2.0,4.0,3.0,4.0,4.0,2.0,2.0,2.0,4.0,2.0,5.0,4.0,4.0,4.0,2.0,2.0,,,0.75,0.75,3,4,Master's,1,Male,4.5,3.75,3.6667,2.6667,2.6667,5.0
R_3HMRvZo2SoE89FU,2022-11-16,1,533,1,Field Operations,Field Operations,"Microsoft Excel, Word, or PowerPoint,MyDay, Tableau, PI Vision, or Spotfire,Business databases (e.g., PI, IDH, EDH, SAP, dbMap, or WellView),Internal business applications (e.g., DIMO, MyDay, WPA, Turndown Tool, or WIT)",2.0,2.0,4.0,5.0,5.0,4.0,4.0,2.0,3.0,4.0,1.0,4.0,1.0,2.0,3.0,2.0,2.0,2.0,2.0,4.0,4.0,2.0,3.0,1969,53,13.0,30.0,3,4,Master's,1,Male,3.25,3.75,2.6667,2.3333,2.3333,2.0
R_1GCap0wbO89k6VI,2022-11-16,1,465,1,Field Operations,Field Operations,"Microsoft Excel, Word, or PowerPoint,MyDay, Tableau, PI Vision, or Spotfire,Business databases (e.g., PI, IDH, EDH, SAP, dbMap, or WellView),Internal business applications (e.g., DIMO, MyDay, WPA, Turndown Tool, or WIT)",5.0,5.0,6.0,5.0,4.0,5.0,5.0,4.0,5.0,5.0,4.0,6.0,4.0,5.0,4.0,5.0,4.0,3.0,3.0,3.0,4.0,3.0,2.0,1975,47,8.0,13.0,7,2,Trade/professional cert,1,Male,5.25,4.5,4.6667,5.0,4.3333,3.0
R_pyFYNY9DO4Zkjap,2022-11-16,1,420,1,Field Operations,Field Operations,"Microsoft Excel, Word, or PowerPoint,MyDay, Tableau, PI Vision, or Spotfire,Business databases (e.g., PI, IDH, EDH, SAP, dbMap, or WellView),Internal business applications (e.g., DIMO, MyDay, WPA, Turndown Tool, or WIT)",1.0,4.0,3.0,3.0,4.0,3.0,4.0,3.0,4.0,5.0,5.0,5.0,2.0,2.0,3.0,3.0,2.0,1.0,3.0,4.0,2.0,5.0,3.0,,,8.0,20.0,7,2,Trade/professional cert,1,Male,2.75,3.5,4.6667,3.0,2.6667,1.0
R_2qlXa5EioTanaCh,2022-11-16,1,755,1,Field Operations,Field Operations,"Microsoft Excel, Word, or PowerPoint,MyDay, Tableau, PI Vision, or Spotfire,Business databases (e.g., PI, IDH, EDH, SAP, dbMap, or WellView),Internal business applications (e.g., DIMO, MyDay, WPA, Turndown Tool, or WIT)",3.0,3.0,3.0,3.0,3.0,3.0,3.0,3.0,4.0,4.0,4.0,4.0,2.0,2.0,2.0,2.0,2.0,2.0,2.0,5.0,4.0,3.0,2.0,1966,56,9.5,34.0,1,1,High school,1,Male,3.0,3.0,4.0,2.6667,2.0,2.0
R_30bFDBhYGaPUS0v,2022-11-16,1,2894,7,Other,Other,"Microsoft Excel, Word, or PowerPoint,MyDay, Tableau, PI Vision, or Spotfire,Internal business applications (e.g., DIMO, MyDay, WPA, Turndown Tool, or WIT)",3.0,3.0,3.0,3.0,3.0,4.0,4.0,3.0,3.0,3.0,3.0,4.0,2.0,2.0,4.0,3.0,4.0,2.0,3.0,5.0,5.0,3.0,4.0,1985,37,4.0,4.0,2,3,Bachelor's,2,Female,3.0,3.5,3.0,2.6667,3.6667,2.0
R_1DT3CE8GHUakbxE,2022-11-16,1,653,7,Other,Other,"Microsoft Excel, Word, or PowerPoint,MyDay, Tableau, PI Vision, or Spotfire,Internal business applications (e.g., DIMO, MyDay, WPA, Turndown Tool, or WIT)",1.0,4.0,4.0,4.0,4.0,4.0,4.0,3.0,4.0,4.0,2.0,4.0,1.0,2.0,4.0,3.0,2.0,2.0,3.0,4.0,4.0,3.0,4.0,1978,44,1.0,20.0,2,3,Bachelor's,2,Female,3.25,3.75,3.3333,2.3333,3.0,2.0
R_12hHV6bOnktJtJF,2022-11-16,1,793,7,Other,Other,"Microsoft Excel, Word, or PowerPoint,Other",1.0,2.0,2.0,2.0,3.0,2.0,2.0,1.0,3.0,3.0,2.0,3.0,1.0,1.0,1.0,1.0,2.0,2.0,3.0,5.0,5.0,5.0,4.0,,,12.0,20.0,7,2,Trade/professional cert,1,Male,1.75,2.0,2.6667,1.6667,1.3333,2.0
R_C8Hx0aX5OlmLgRz,2022-11-16,1,514,3,Commercial,Commercial,"Microsoft Excel, Word, or PowerPoint",2.0,2.0,3.0,4.0,5.0,3.0,3.0,2.0,4.0,3.0,3.0,4.0,4.0,4.0,3.0,4.0,4.0,2.0,2.0,5.0,3.0,2.0,2.0,1981,41,10.0,12.0,2,3,Bachelor's,1,Male,2.75,3.25,3.3333,4.0,3.6667,2.0
R_9mHJivIokTNaFwZ,2022-11-16,1,619,1,Field Operations,Field Operations,"Microsoft Excel, Word, or PowerPoint,Business databases (e.g., PI, IDH, EDH, SAP, dbMap, or WellView),Internal business applications (e.g., DIMO, MyDay, WPA, Turndown Tool, or WIT)",6.0,5.0,5.0,6.0,5.0,6.0,5.0,6.0,6.0,5.0,6.0,6.0,4.0,5.0,5.0,5.0,3.0,2.0,3.0,3.0,4.0,3.0,3.0,,,4.5,19.0,7,2,Trade/professional cert,1,Male,5.5,5.5,5.6667,5.0,4.3333,2.0
R_3NCKUR0aWiCsZt6,2022-11-16,1,559,5,Digital/Data/Technology,Digital/Data/Technology,"Microsoft Excel, Word, or PowerPoint,MyDay, Tableau, PI Vision, or Spotfire,Python or R,Business databases (e.g., PI, IDH, EDH, SAP, dbMap, or WellView),Internal business applications (e.g., DIMO, MyDay, WPA, Turndown Tool, or WIT)",5.0,6.0,5.0,5.0,5.0,5.0,5.0,5.0,5.0,4.0,4.0,5.0,2.0,4.0,5.0,5.0,4.0,4.0,3.0,4.0,4.0,4.0,3.0,1982,40,8.0,8.0,3,4,Master's,1,Male,5.25,5.0,4.3333,3.6667,4.6667,4.0
R_3qxMC4Y1lVQUIF2,2022-11-16,1,987,2,Engineer,Engineer,"Microsoft Excel, Word, or PowerPoint,MyDay, Tableau, PI Vision, or Spotfire,Business databases (e.g., PI, IDH, EDH, SAP, dbMap, or WellView),Internal business applications (e.g., DIMO, MyDay, WPA, Turndown Tool, or WIT)",4.0,5.0,5.0,5.0,5.0,5.0,5.0,5.0,4.0,3.0,3.0,3.0,1.0,2.0,5.0,5.0,3.0,4.0,4.0,5.0,4.0,3.0,2.0,,,4.0,14.0,3,4,Master's,1,Male,4.75,5.0,3.3333,2.0,4.3333,4.0
R_2S9x73aYfstVkYQ,2022-11-16,1,502,3,Commercial,Commercial,"Microsoft Excel, Word, or PowerPoint,MyDay, Tableau, PI Vision, or Spotfire,Other",6.0,6.0,5.0,6.0,6.0,5.0,6.0,5.0,6.0,4.0,4.0,6.0,5.0,4.0,5.0,5.0,5.0,2.0,4.0,5.0,4.0,2.0,2.0,1981,41,3.0,20.0,3,4,Master's,2,Female,5.75,5.5,4.6667,5.0,5.0,2.0
R_3pfgH7efgrUZhKj,2022-11-16,1,685,2,Engineer,Engineer,"Microsoft Excel, Word, or PowerPoint,Business databases (e.g., PI, IDH, EDH, SAP, dbMap, or WellView),Internal business applications (e.g., DIMO, MyDay, WPA, Turndown Tool, or WIT)",3.0,3.0,5.0,5.0,4.0,4.0,4.0,2.0,4.0,5.0,5.0,5.0,2.0,4.0,4.0,4.0,3.0,3.0,3.0,4.0,4.0,3.0,2.0,1988,34,9.0,9.0,2,3,Bachelor's,1,Male,4.0,3.5,4.6667,3.6667,3.6667,3.0
R_3oXTXlAvpOGy5JF,2022-11-16,1,419,7,Other,Other,"Microsoft Excel, Word, or PowerPoint",1.0,3.0,3.0,3.0,2.0,2.0,3.0,1.0,3.0,3.0,3.0,4.0,3.0,2.0,1.0,1.0,2.0,1.0,2.0,4.0,5.0,4.0,3.0,1978,44,5.0,5.0,3,4,Master's,1,Male,2.5,2.0,3.0,3.0,1.3333,1.0
R_2X5aRYBXiiPtzgy,2022-11-16,1,818,4,Corporate,Corporate,"Microsoft Excel, Word, or PowerPoint,Other",3.0,4.0,4.0,5.0,6.0,5.0,5.0,3.0,4.0,5.0,4.0,6.0,4.0,5.0,5.0,5.0,6.0,3.0,2.0,5.0,5.0,3.0,3.0,1968,54,4.0,,3,4,Master's,1,Male,4.0,4.75,4.3333,5.0,5.3333,3.0
R_3PtNFjOPxaGZT1Y,2022-11-16,1,515,3,Commercial,Commercial,"Microsoft Excel, Word, or PowerPoint",2.0,4.0,3.0,4.0,4.0,3.0,4.0,2.0,4.0,4.0,4.0,4.0,3.0,1.0,3.0,3.0,4.0,2.0,2.0,5.0,4.0,4.0,4.0,1976,46,1.5,15.0,2,3,Bachelor's,2,Female,3.25,3.25,4.0,2.6667,3.3333,2.0
R_2Qi9BPrIgxTgEtE,2022-11-15,1,64023,5,Digital/Data/Technology,Digital/Data/Technology,"Microsoft Excel, Word, or PowerPoint,MyDay, Tableau, PI Vision, or Spotfire,Business databases (e.g., PI, IDH, EDH, SAP, dbMap, or WellView),Internal business applications (e.g., DIMO, MyDay, WPA, Turndown Tool, or WIT)",4.0,3.0,4.0,4.0,6.0,5.0,5.0,5.0,4.0,4.0,4.0,5.0,4.0,4.0,5.0,4.0,5.0,2.0,5.0,5.0,4.0,4.0,3.0,,,8.0,8.0,2,3,Bachelor's,2,Female,3.75,5.25,4.0,4.3333,4.6667,2.0
R_1Fy3QhCPaeks3WN,2022-11-16,1,423,3,Commercial,Commercial,"Microsoft Excel, Word, or PowerPoint",3.0,5.0,4.0,5.0,5.0,3.0,4.0,3.0,3.0,6.0,4.0,4.0,3.0,3.0,4.0,3.0,3.0,4.0,3.0,4.0,4.0,3.0,3.0,1989,33,0.25,10.0,2,3,Bachelor's,1,Male,4.25,3.75,4.3333,3.3333,3.3333,4.0
R_1OirEmxApuMEgwc,2022-11-16,1,651,2,Engineer,Engineer,"Microsoft Excel, Word, or PowerPoint,MyDay, Tableau, PI Vision, or Spotfire,Internal business applications (e.g., DIMO, MyDay, WPA, Turndown Tool, or WIT)",2.0,3.0,5.0,5.0,4.0,4.0,4.0,4.0,4.0,5.0,5.0,5.0,4.0,4.0,2.0,2.0,2.0,1.0,3.0,4.0,4.0,4.0,3.0,1980,42,17.0,17.0,2,3,Bachelor's,1,Male,3.75,4.0,4.6667,4.3333,2.0,1.0
R_3O7c3yUp7SVBew1,2022-11-16,1,591,6,Graduate,Graduate,"Microsoft Excel, Word, or PowerPoint,MyDay, Tableau, PI Vision, or Spotfire,Business databases (e.g., PI, IDH, EDH, SAP, dbMap, or WellView)",3.0,3.0,5.0,4.0,5.0,4.0,3.0,2.0,2.0,4.0,2.0,2.0,1.0,3.0,3.0,2.0,2.0,2.0,2.0,3.0,3.0,3.0,3.0,1997,25,2.0,2.0,2,3,Bachelor's,2,Female,3.75,3.5,2.6667,2.0,2.3333,2.0
R_UXs5Drdq6AsqWf7,2022-11-16,1,508,1,Field Operations,Field Operations,"MyDay, Tableau, PI Vision, or Spotfire,Internal business applications (e.g., DIMO, MyDay, WPA, Turndown Tool, or WIT)",3.0,3.0,3.0,4.0,2.0,3.0,3.0,2.0,4.0,3.0,2.0,3.0,1.0,2.0,2.0,2.0,2.0,3.0,3.0,2.0,2.0,3.0,3.0,,,9.0,30.0,7,2,Trade/professional cert,1,Male,3.25,2.5,3.0,2.0,2.0,3.0
R_8qtOo2Szk76jpfj,2022-11-16,1,449,7,Other,Other,"Microsoft Excel, Word, or PowerPoint,MyDay, Tableau, PI Vision, or Spotfire,Business databases (e.g., PI, IDH, EDH, SAP, dbMap, or WellView),Internal business applications (e.g., DIMO, MyDay, WPA, Turndown Tool, or WIT),Other",3.0,3.0,4.0,4.0,4.0,4.0,4.0,3.0,4.0,4.0,4.0,4.0,1.0,2.0,2.0,2.0,2.0,3.0,2.0,5.0,4.0,3.0,2.0,1986,36,4.0,12.0,2,3,Bachelor's,2,Female,3.5,3.75,4.0,2.3333,2.0,3.0
R_O72BE5fVRGCsk93,2022-11-16,1,1111,2,Engineer,Engineer,"Microsoft Excel, Word, or PowerPoint,MyDay, Tableau, PI Vision, or Spotfire,Business databases (e.g., PI, IDH, EDH, SAP, dbMap, or WellView)",4.0,4.0,4.0,4.0,3.0,4.0,4.0,3.0,3.0,5.0,4.0,4.0,2.0,2.0,3.0,2.0,1.0,2.0,3.0,2.0,2.0,2.0,1.0,1984,38,14.0,14.0,2,3,Bachelor's,1,Male,4.0,3.5,4.0,2.6667,2.0,2.0
R_3oyxHHsqYztaDZJ,2022-11-16,1,693,6,Graduate,Engineer,"Microsoft Excel, Word, or PowerPoint,Business databases (e.g., PI, IDH, EDH, SAP, dbMap, or WellView),Internal business applications (e.g., DIMO, MyDay, WPA, Turndown Tool, or WIT)",3.0,5.0,4.0,6.0,6.0,5.0,6.0,3.0,6.0,5.0,4.0,5.0,4.0,4.0,5.0,5.0,4.0,2.0,2.0,5.0,3.0,2.0,1.0,1996,26,0.5,3.0,2,3,Bachelor's,1,Male,4.5,5.0,5.0,4.3333,4.6667,2.0
R_W6iFB7eEJNLqAYF,2022-11-16,1,1028,2,Engineer,Engineer,"Microsoft Excel, Word, or PowerPoint,MyDay, Tableau, PI Vision, or Spotfire,Business databases (e.g., PI, IDH, EDH, SAP, dbMap, or WellView),Other",4.0,6.0,5.0,4.0,3.0,5.0,4.0,5.0,6.0,4.0,4.0,6.0,1.0,4.0,6.0,4.0,5.0,5.0,5.0,5.0,4.0,4.0,3.0,1961,61,15.0,15.0,2,3,Bachelor's,1,Male,4.75,4.25,4.6667,3.6667,5.0,5.0
R_3rZAaELy6p66UfW,2022-11-16,1,379,2,Engineer,Engineer,"Microsoft Excel, Word, or PowerPoint",4.0,3.0,3.0,5.0,6.0,4.0,5.0,3.0,4.0,4.0,4.0,6.0,5.0,5.0,5.0,4.0,4.0,4.0,2.0,5.0,4.0,4.0,2.0,1982,40,9.0,16.0,2,3,Bachelor's,1,Male,3.75,4.5,4.0,5.3333,4.3333,4.0
R_cGTPqfy7TJIwoUN,2022-11-16,1,314,7,Other,Other,"Microsoft Excel, Word, or PowerPoint,MyDay, Tableau, PI Vision, or Spotfire",3.0,4.0,6.0,6.0,6.0,6.0,6.0,5.0,5.0,5.0,5.0,,3.0,5.0,5.0,3.0,6.0,2.0,3.0,5.0,4.0,4.0,4.0,1980,42,19.0,19.0,2,3,Bachelor's,2,Female,4.75,5.75,5.0,4.0,4.6667,2.0
R_333bnNZcIZEebaH,2022-11-16,1,714,6,Graduate,Corporate,"Microsoft Excel, Word, or PowerPoint,Business databases (e.g., PI, IDH, EDH, SAP, dbMap, or WellView),Other",1.0,3.0,4.0,3.0,6.0,3.0,4.0,1.0,4.0,4.0,4.0,4.0,2.0,2.0,2.0,3.0,2.0,1.0,3.0,5.0,5.0,5.0,4.0,1977,45,0.3,0.3,3,4,Master's,2,Female,2.75,3.5,4.0,2.6667,2.3333,1.0
R_3qdJAQKvMCpTrrW,2022-11-16,1,491,1,Field Operations,Field Operations,"MyDay, Tableau, PI Vision, or Spotfire",1.0,2.0,1.0,1.0,2.0,2.0,2.0,3.0,1.0,1.0,1.0,2.0,2.0,1.0,1.0,1.0,,1.0,1.0,1.0,1.0,1.0,1.0,1960,62,,,1,1,High school,2,Female,1.25,2.25,1.0,1.6667,1.0,1.0
R_3MxKXPqQjXtOjKQ,2022-11-16,1,1356,5,Digital/Data/Technology,Digital/Data/Technology,"Microsoft Excel, Word, or PowerPoint,Business databases (e.g., PI, IDH, EDH, SAP, dbMap, or WellView),Internal business applications (e.g., DIMO, MyDay, WPA, Turndown Tool, or WIT)",5.0,6.0,6.0,6.0,3.0,6.0,5.0,4.0,3.0,3.0,3.0,6.0,1.0,2.0,4.0,4.0,5.0,5.0,4.0,4.0,4.0,4.0,,1978,44,7.0,12.0,2,3,Bachelor's,1,Male,5.75,4.5,3.0,3.0,4.3333,5.0
R_2TZriRb7gT50a4Q,2022-11-16,1,559,7,Other,Other,"Microsoft Excel, Word, or PowerPoint",1.0,2.0,1.0,2.0,4.0,2.0,3.0,1.0,4.0,4.0,2.0,4.0,1.0,2.0,2.0,1.0,2.0,1.0,2.0,3.0,3.0,2.0,3.0,1980,42,6.0,9.0,1,1,High school,1,Male,1.5,2.5,3.3333,2.3333,1.6667,1.0
R_2ePBeeDKzXLJYXp,2022-11-16,1,271,1,Field Operations,Field Operations,"Microsoft Excel, Word, or PowerPoint,MyDay, Tableau, PI Vision, or Spotfire,Business databases (e.g., PI, IDH, EDH, SAP, dbMap, or WellView)",4.0,2.0,4.0,4.0,4.0,4.0,4.0,2.0,4.0,4.0,3.0,5.0,2.0,2.0,4.0,4.0,4.0,4.0,3.0,5.0,4.0,3.0,4.0,1978,44,1.0,22.0,3,4,Master's,2,Female,3.5,3.5,3.6667,3.0,4.0,4.0
R_Ov9In2WaTvbiGR3,2022-11-16,1,9402,3,Commercial,Commercial,"Microsoft Excel, Word, or PowerPoint",2.0,3.0,3.0,3.0,4.0,3.0,4.0,2.0,4.0,4.0,3.0,5.0,4.0,3.0,2.0,2.0,1.0,1.0,3.0,4.0,4.0,4.0,4.0,1971,51,1.5,30.0,3,4,Master's,2,Female,2.75,3.25,3.6667,4.0,1.6667,1.0
R_2y2yzCnrArGPREZ,2022-11-16,1,400,5,Digital/Data/Technology,Digital/Data/Technology,"Microsoft Excel, Word, or PowerPoint,Business databases (e.g., PI, IDH, EDH, SAP, dbMap, or WellView),Internal business applications (e.g., DIMO, MyDay, WPA, Turndown Tool, or WIT)",3.0,5.0,3.0,5.0,5.0,4.0,4.0,2.0,4.0,2.0,1.0,2.0,3.0,2.0,3.0,1.0,1.0,2.0,3.0,5.0,4.0,3.0,1.0,1985,37,6.0,6.0,4,5,Doctoral,1,Male,4.0,3.75,2.3333,2.3333,1.6667,2.0
R_C2qtWjkNQx9erHH,2022-11-16,1,299,3,Commercial,Commercial,"Microsoft Excel, Word, or PowerPoint,MyDay, Tableau, PI Vision, or Spotfire,Other",2.0,3.0,3.0,5.0,4.0,3.0,4.0,2.0,5.0,4.0,4.0,4.0,2.0,3.0,3.0,2.0,4.0,1.0,2.0,5.0,5.0,4.0,3.0,1973,49,9.0,14.0,3,4,Master's,1,Male,3.25,3.25,4.3333,3.0,3.0,1.0
R_3t5hiqgbsZx19qF,2022-11-16,1,16256,2,Engineer,Engineer,"Microsoft Excel, Word, or PowerPoint,MyDay, Tableau, PI Vision, or Spotfire,Internal business applications (e.g., DIMO, MyDay, WPA, Turndown Tool, or WIT),Other",1.0,5.0,5.0,6.0,3.0,4.0,3.0,3.0,3.0,3.0,2.0,3.0,1.0,2.0,4.0,3.0,1.0,2.0,3.0,4.0,4.0,4.0,2.0,1991,31,8.0,8.0,3,4,Master's,1,Male,4.25,3.25,2.6667,2.0,2.6667,2.0
R_AgGS6K6iGAZy4zT,2022-11-16,1,1272,7,Other,Other,"Microsoft Excel, Word, or PowerPoint,Business databases (e.g., PI, IDH, EDH, SAP, dbMap, or WellView),Other",2.0,3.0,2.0,3.0,4.0,3.0,4.0,3.0,3.0,4.0,3.0,4.0,4.0,3.0,2.0,3.0,2.0,2.0,3.0,5.0,5.0,3.0,4.0,1981,41,5.0,10.0,3,4,Master's,1,Male,2.5,3.5,3.3333,3.6667,2.3333,2.0
R_305Ar58COgc6W9l,2022-11-15,1,77927,2,Engineer,Engineer,"Microsoft Excel, Word, or PowerPoint,Business databases (e.g., PI, IDH, EDH, SAP, dbMap, or WellView)",3.0,4.0,4.0,4.0,4.0,3.0,4.0,2.0,3.0,3.0,4.0,4.0,2.0,3.0,3.0,3.0,3.0,2.0,4.0,3.0,3.0,3.0,3.0,1973,49,9.0,20.0,2,3,Bachelor's,1,Male,3.75,3.25,3.3333,3.0,3.0,2.0
R_1eWaK7XQpukqXnw,2022-11-16,1,274,6,Graduate,Corporate,"Microsoft Excel, Word, or PowerPoint",3.0,3.0,6.0,5.0,6.0,5.0,5.0,3.0,5.0,5.0,5.0,6.0,3.0,3.0,4.0,4.0,5.0,2.0,3.0,5.0,3.0,4.0,4.0,1985,37,1.0,1.0,3,4,Master's,1,Male,4.25,4.75,5.0,4.0,4.3333,2.0
R_3kuKSOnsuMDi24t,2022-11-16,1,465,1,Field Operations,Field Operations,"Microsoft Excel, Word, or PowerPoint,MyDay, Tableau, PI Vision, or Spotfire,Business databases (e.g., PI, IDH, EDH, SAP, dbMap, or WellView),Internal business applications (e.g., DIMO, MyDay, WPA, Turndown Tool, or WIT)",4.0,4.0,4.0,4.0,4.0,3.0,4.0,3.0,4.0,4.0,4.0,4.0,2.0,1.0,3.0,2.0,2.0,1.0,2.0,3.0,4.0,3.0,3.0,,,14.0,14.0,7,2,Trade/professional cert,1,Male,4.0,3.5,4.0,2.3333,2.3333,1.0
R_30kkPKYC8jST2lw,2022-11-16,1,1007,2,Engineer,Engineer,"Microsoft Excel, Word, or PowerPoint",2.0,2.0,5.0,6.0,3.0,4.0,4.0,3.0,4.0,4.0,4.0,4.0,5.0,5.0,5.0,4.0,3.0,1.0,4.0,5.0,4.0,4.0,2.0,,,3.0,10.0,3,4,Master's,1,Male,3.75,3.5,4.0,4.6667,4.0,1.0
R_2fBOvHyOODbkycQ,2022-11-16,1,500,3,Commercial,Commercial,"Business databases (e.g., PI, IDH, EDH, SAP, dbMap, or WellView),Internal business applications (e.g., DIMO, MyDay, WPA, Turndown Tool, or WIT),Other",1.0,2.0,3.0,4.0,5.0,4.0,4.0,2.0,3.0,4.0,3.0,4.0,2.0,3.0,4.0,2.0,4.0,1.0,2.0,5.0,5.0,4.0,4.0,1993,29,3.0,11.0,2,3,Bachelor's,2,Female,2.5,3.75,3.3333,3.0,3.3333,1.0
R_1fjWLKGZKiMGdgH,2022-11-16,1,747,2,Engineer,Engineer,"Microsoft Excel, Word, or PowerPoint,MyDay, Tableau, PI Vision, or Spotfire,Business databases (e.g., PI, IDH, EDH, SAP, dbMap, or WellView)",3.0,4.0,5.0,4.0,5.0,4.0,5.0,2.0,3.0,4.0,2.0,5.0,1.0,1.0,1.0,3.0,5.0,1.0,3.0,5.0,4.0,4.0,2.0,1976,46,1.0,23.0,2,3,Bachelor's,1,Male,4.0,4.0,3.0,2.3333,3.0,1.0
R_DBQIEANYVvvK4iR,2022-11-16,1,25707,7,Other,Other,"Microsoft Excel, Word, or PowerPoint,Other",2.0,3.0,2.0,3.0,4.0,3.0,5.0,3.0,4.0,3.0,3.0,4.0,1.0,2.0,2.0,3.0,3.0,1.0,2.0,4.0,4.0,3.0,4.0,1981,41,12.0,12.0,2,3,Bachelor's,2,Female,2.5,3.75,3.3333,2.3333,2.6667,1.0
R_3DwIg4X0zmV9MUE,2022-11-16,1,387,3,Commercial,Commercial,"Microsoft Excel, Word, or PowerPoint",3.0,5.0,4.0,4.0,5.0,4.0,4.0,2.0,5.0,2.0,2.0,3.0,1.0,1.0,2.0,2.0,1.0,3.0,2.0,3.0,3.0,3.0,3.0,1981,41,11.0,11.0,2,3,Bachelor's,1,Male,4.0,3.75,3.0,1.6667,1.6667,3.0
R_u3ScNTEU6Lm0fy9,2022-11-17,1,469,5,Digital/Data/Technology,Digital/Data/Technology,"Microsoft Excel, Word, or PowerPoint,Business databases (e.g., PI, IDH, EDH, SAP, dbMap, or WellView),Other",5.0,5.0,6.0,5.0,4.0,5.0,4.0,3.0,5.0,4.0,4.0,5.0,2.0,4.0,6.0,6.0,5.0,4.0,5.0,5.0,4.0,3.0,3.0,,,8.0,14.0,2,3,Bachelor's,1,Male,5.25,4.0,4.3333,3.6667,5.6667,4.0
R_25FVYhDUhepRyqg,2022-11-17,1,1724,1,Field Operations,Field Operations,"Microsoft Excel, Word, or PowerPoint,MyDay, Tableau, PI Vision, or Spotfire,Business databases (e.g., PI, IDH, EDH, SAP, dbMap, or WellView),Internal business applications (e.g., DIMO, MyDay, WPA, Turndown Tool, or WIT)",1.0,3.0,1.0,3.0,3.0,2.0,2.0,2.0,4.0,3.0,3.0,4.0,1.0,1.0,3.0,2.0,1.0,1.0,2.0,5.0,5.0,3.0,4.0,1972,50,10.0,10.0,3,4,Master's,1,Male,2.0,2.25,3.3333,2.0,2.0,1.0
R_3Mu1iXFLztSmylb,2022-11-17,1,294,3,Commercial,Commercial,"Microsoft Excel, Word, or PowerPoint",3.0,4.0,3.0,4.0,4.0,4.0,3.0,2.0,4.0,4.0,4.0,5.0,3.0,3.0,3.0,2.0,2.0,3.0,2.0,4.0,4.0,3.0,2.0,1973,49,11.0,11.0,2,3,Bachelor's,1,Male,3.5,3.25,4.0,3.6667,2.3333,3.0
R_3GrWDzFNVy9mLES,2022-11-17,1,322,1,Field Operations,Field Operations,"Microsoft Excel, Word, or PowerPoint,Business databases (e.g., PI, IDH, EDH, SAP, dbMap, or WellView),Internal business applications (e.g., DIMO, MyDay, WPA, Turndown Tool, or WIT)",1.0,3.0,3.0,3.0,4.0,3.0,4.0,1.0,3.0,3.0,4.0,5.0,1.0,2.0,2.0,2.0,2.0,1.0,2.0,4.0,4.0,2.0,3.0,1981,41,9.0,13.0,2,3,Bachelor's,4,Prefer not to say,2.5,3.0,3.3333,2.6667,2.0,1.0
R_3DcCvgXIqfh1yJS,2022-11-17,1,1650,7,Other,Other,"Microsoft Excel, Word, or PowerPoint,MyDay, Tableau, PI Vision, or Spotfire,Business databases (e.g., PI, IDH, EDH, SAP, dbMap, or WellView),Internal business applications (e.g., DIMO, MyDay, WPA, Turndown Tool, or WIT)",3.0,3.0,3.0,4.0,4.0,4.0,4.0,3.0,4.0,3.0,3.0,4.0,2.0,2.0,3.0,3.0,2.0,2.0,2.0,3.0,3.0,2.0,2.0,,,9.0,14.0,5,,Other,1,Male,3.25,3.75,3.3333,2.6667,2.6667,2.0
R_1oAzhL9dxMdzWRm,2022-11-17,1,356,6,Graduate,Digital/Data/Technology,Other,5.0,6.0,4.0,4.0,4.0,5.0,6.0,4.0,4.0,5.0,5.0,5.0,2.0,2.0,6.0,5.0,4.0,6.0,4.0,5.0,4.0,4.0,4.0,1960,62,1.0,3.0,2,3,Bachelor's,1,Male,4.75,4.75,4.6667,3.0,5.0,6.0
R_5C6CB5m5Ta8bXLb,2022-11-17,1,1153,3,Commercial,Commercial,"Microsoft Excel, Word, or PowerPoint,Business databases (e.g., PI, IDH, EDH, SAP, dbMap, or WellView)",3.0,3.0,3.0,4.0,3.0,3.0,3.0,3.0,4.0,3.0,3.0,4.0,3.0,2.0,2.0,3.0,3.0,2.0,2.0,3.0,3.0,3.0,3.0,1975,47,1.0,16.0,2,3,Bachelor's,2,Female,3.25,3.0,3.3333,3.0,2.6667,2.0
R_27VahbE34uIinTW,2022-11-17,1,533,5,Digital/Data/Technology,Digital/Data/Technology,"Microsoft Excel, Word, or PowerPoint,Business databases (e.g., PI, IDH, EDH, SAP, dbMap, or WellView),Internal business applications (e.g., DIMO, MyDay, WPA, Turndown Tool, or WIT)",2.0,6.0,6.0,6.0,5.0,5.0,6.0,3.0,6.0,4.0,3.0,6.0,2.0,2.0,5.0,4.0,5.0,2.0,4.0,5.0,5.0,4.0,4.0,1973,49,11.0,25.0,7,2,Trade/professional cert,1,Male,5.0,4.75,4.3333,3.3333,4.6667,2.0
R_10xFrl5p3jTljtN,2022-11-15,1,147401,2,Engineer,Engineer,"Microsoft Excel, Word, or PowerPoint,MyDay, Tableau, PI Vision, or Spotfire,Business databases (e.g., PI, IDH, EDH, SAP, dbMap, or WellView)",1.0,4.0,3.0,3.0,4.0,3.0,4.0,2.0,5.0,6.0,6.0,6.0,2.0,1.0,3.0,4.0,2.0,3.0,3.0,4.0,4.0,4.0,2.0,1989,33,,11.0,3,4,Master's,1,Male,2.75,3.25,5.6667,3.0,3.0,3.0
R_2YoahqZwC1fVlpo,2022-11-17,1,371,5,Digital/Data/Technology,Digital/Data/Technology,"Microsoft Excel, Word, or PowerPoint,MyDay, Tableau, PI Vision, or Spotfire,Business databases (e.g., PI, IDH, EDH, SAP, dbMap, or WellView),Internal business applications (e.g., DIMO, MyDay, WPA, Turndown Tool, or WIT)",4.0,6.0,6.0,6.0,5.0,6.0,6.0,6.0,5.0,5.0,6.0,6.0,1.0,1.0,6.0,6.0,5.0,4.0,5.0,5.0,4.0,4.0,4.0,1974,48,4.0,4.0,2,3,Bachelor's,2,Female,5.5,5.75,5.3333,2.6667,5.6667,4.0
R_2X1JNhAO4PXN1ya,2022-11-17,1,484,7,Other,Other,"Microsoft Excel, Word, or PowerPoint,Other",1.0,1.0,3.0,2.0,4.0,2.0,2.0,2.0,4.0,3.0,3.0,4.0,1.0,1.0,3.0,4.0,2.0,1.0,3.0,4.0,3.0,3.0,2.0,1982,40,14.0,15.0,2,3,Bachelor's,1,Male,1.75,2.5,3.3333,2.0,3.0,1.0
R_2CjM1LDenVLhfaN,2022-11-17,1,410,7,Other,Other,"Microsoft Excel, Word, or PowerPoint",2.0,3.0,4.0,4.0,4.0,4.0,4.0,3.0,3.0,3.0,3.0,4.0,1.0,1.0,4.0,2.0,1.0,1.0,2.0,4.0,4.0,3.0,3.0,1990,32,9.0,9.0,7,2,Trade/professional cert,2,Female,3.25,3.75,3.0,2.0,2.3333,1.0
R_24JbeLRGu1ECvry,2022-11-17,1,464,6,Graduate,Commercial,"Microsoft Excel, Word, or PowerPoint",2.0,2.0,2.0,3.0,3.0,3.0,2.0,2.0,3.0,4.0,3.0,4.0,1.0,2.0,2.0,2.0,2.0,2.0,2.0,5.0,4.0,3.0,3.0,1980,42,1.0,1.0,3,4,Master's,2,Female,2.25,2.5,3.3333,2.3333,2.0,2.0
R_cFIIJYEzFQQWO09,2022-11-17,1,376,3,Commercial,Commercial,"Microsoft Excel, Word, or PowerPoint",3.0,2.0,3.0,6.0,3.0,2.0,3.0,2.0,3.0,4.0,3.0,5.0,2.0,1.0,3.0,2.0,3.0,1.0,2.0,4.0,4.0,3.0,3.0,1986,36,11.5,11.5,2,3,Bachelor's,2,Female,3.5,2.5,3.3333,2.6667,2.6667,1.0
R_2TFxZ5YQnLeedtJ,2022-11-17,1,319,7,Other,Other,"Microsoft Excel, Word, or PowerPoint,MyDay, Tableau, PI Vision, or Spotfire,Business databases (e.g., PI, IDH, EDH, SAP, dbMap, or WellView),Internal business applications (e.g., DIMO, MyDay, WPA, Turndown Tool, or WIT),Other",2.0,3.0,4.0,3.0,3.0,3.0,3.0,3.0,3.0,3.0,3.0,3.0,3.0,3.0,2.0,3.0,2.0,1.0,3.0,4.0,3.0,4.0,3.0,1973,49,9.0,9.0,6,,Prefer not to say,1,Male,3.0,3.0,3.0,3.0,2.3333,1.0
R_3e9tcDjFFTE8C3b,2022-11-17,1,1037,7,Other,Other,"Microsoft Excel, Word, or PowerPoint,MyDay, Tableau, PI Vision, or Spotfire,Business databases (e.g., PI, IDH, EDH, SAP, dbMap, or WellView),Internal business applications (e.g., DIMO, MyDay, WPA, Turndown Tool, or WIT)",6.0,6.0,6.0,6.0,5.0,6.0,6.0,5.0,5.0,6.0,6.0,6.0,4.0,5.0,6.0,6.0,6.0,5.0,4.0,5.0,3.0,2.0,4.0,1984,38,1.0,18.0,7,2,Trade/professional cert,1,Male,6.0,5.5,5.6667,5.0,6.0,5.0
R_2WChgMZgennSCGM,2022-11-18,1,410,2,Engineer,Engineer,"Microsoft Excel, Word, or PowerPoint,MyDay, Tableau, PI Vision, or Spotfire,Business databases (e.g., PI, IDH, EDH, SAP, dbMap, or WellView)",3.0,5.0,5.0,5.0,5.0,5.0,5.0,4.0,5.0,5.0,3.0,5.0,3.0,3.0,3.0,3.0,3.0,3.0,2.0,5.0,4.0,3.0,3.0,1984,38,3.0,14.0,3,4,Master's,1,Male,4.5,4.75,4.3333,3.6667,3.0,3.0
R_2DS4LDDnp0C6mwY,2022-11-18,1,680,1,Field Operations,Field Operations,"Microsoft Excel, Word, or PowerPoint,MyDay, Tableau, PI Vision, or Spotfire,Internal business applications (e.g., DIMO, MyDay, WPA, Turndown Tool, or WIT)",1.0,1.0,2.0,2.0,2.0,2.0,2.0,2.0,2.0,1.0,1.0,2.0,,1.0,1.0,1.0,1.0,1.0,2.0,3.0,3.0,2.0,,,,8.0,8.0,6,,Prefer not to say,4,Prefer not to say,1.5,2.0,1.3333,1.5,1.0,1.0
R_eV4N4vbwxn0SMRX,2022-11-18,1,363,1,Field Operations,Field Operations,"Microsoft Excel, Word, or PowerPoint,Business databases (e.g., PI, IDH, EDH, SAP, dbMap, or WellView),Internal business applications (e.g., DIMO, MyDay, WPA, Turndown Tool, or WIT)",3.0,3.0,3.0,4.0,3.0,3.0,3.0,2.0,3.0,4.0,4.0,4.0,3.0,3.0,3.0,4.0,4.0,2.0,3.0,4.0,4.0,2.0,4.0,1984,38,5.0,10.0,7,2,Trade/professional cert,1,Male,3.25,2.75,3.6667,3.3333,3.6667,2.0
R_dol9lKkoIod5mal,2022-11-18,1,382,4,Corporate,Corporate,"Microsoft Excel, Word, or PowerPoint,MyDay, Tableau, PI Vision, or Spotfire,Business databases (e.g., PI, IDH, EDH, SAP, dbMap, or WellView)",1.0,1.0,3.0,3.0,1.0,1.0,1.0,1.0,3.0,1.0,3.0,3.0,1.0,1.0,1.0,1.0,1.0,1.0,2.0,5.0,5.0,4.0,2.0,1980,42,14.0,25.0,3,4,Master's,2,Female,2.0,1.0,2.3333,1.6667,1.0,1.0
R_ub2AzVTohU421RT,2022-11-20,1,3919,3,Commercial,Commercial,"Microsoft Excel, Word, or PowerPoint,MyDay, Tableau, PI Vision, or Spotfire,Business databases (e.g., PI, IDH, EDH, SAP, dbMap, or WellView),Other",2.0,3.0,3.0,4.0,5.0,4.0,4.0,4.0,3.0,3.0,2.0,3.0,1.0,2.0,3.0,2.0,2.0,3.0,2.0,5.0,2.0,2.0,2.0,1986,36,11.0,14.0,7,2,Trade/professional cert,1,Male,3.0,4.25,2.6667,2.0,2.3333,3.0
R_3ssSMpeFvtT4pIu,2022-11-20,1,643,1,Field Operations,Field Operations,"Microsoft Excel, Word, or PowerPoint,MyDay, Tableau, PI Vision, or Spotfire,Internal business applications (e.g., DIMO, MyDay, WPA, Turndown Tool, or WIT)",1.0,2.0,2.0,3.0,4.0,3.0,3.0,3.0,3.0,3.0,3.0,3.0,1.0,2.0,4.0,2.0,2.0,1.0,3.0,4.0,4.0,3.0,4.0,1993,29,8.0,10.0,7,2,Trade/professional cert,1,Male,2.0,3.25,3.0,2.0,2.6667,1.0
R_22mJKZO86pJdfCJ,2022-11-20,1,2173,7,Other,Other,"MyDay, Tableau, PI Vision, or Spotfire",4.0,4.0,4.0,4.0,4.0,3.0,4.0,3.0,6.0,,6.0,6.0,6.0,4.0,4.0,4.0,1.0,1.0,3.0,5.0,5.0,5.0,4.0,,,9.0,9.0,7,2,Trade/professional cert,4,Prefer not to say,4.0,3.5,6.0,5.3333,3.0,1.0
R_UQJ1A2eOfNGU18d,2022-11-20,1,588,3,Commercial,Commercial,"Microsoft Excel, Word, or PowerPoint,MyDay, Tableau, PI Vision, or Spotfire,Internal business applications (e.g., DIMO, MyDay, WPA, Turndown Tool, or WIT),Other",2.0,3.0,4.0,5.0,3.0,4.0,3.0,2.0,3.0,3.0,2.0,5.0,1.0,2.0,2.0,2.0,3.0,1.0,3.0,4.0,4.0,4.0,3.0,1985,37,12.0,12.0,2,3,Bachelor's,2,Female,3.5,3.0,2.6667,2.6667,2.3333,1.0
R_3soKyI0od2t3nCV,2022-11-20,1,275,4,Corporate,Corporate,"Microsoft Excel, Word, or PowerPoint",1.0,3.0,2.0,4.0,4.0,2.0,3.0,2.0,3.0,3.0,2.0,4.0,3.0,2.0,3.0,4.0,4.0,1.0,3.0,5.0,4.0,4.0,4.0,1968,54,3.0,10.0,3,4,Master's,2,Female,2.5,2.75,2.6667,3.0,3.6667,1.0
R_3Eb62MlEUiotZdZ,2022-11-20,1,28871,4,Corporate,Corporate,"Microsoft Excel, Word, or PowerPoint,MyDay, Tableau, PI Vision, or Spotfire,Business databases (e.g., PI, IDH, EDH, SAP, dbMap, or WellView),Other",2.0,5.0,5.0,6.0,5.0,4.0,4.0,3.0,4.0,4.0,4.0,4.0,1.0,3.0,4.0,3.0,2.0,1.0,3.0,4.0,4.0,1.0,4.0,1977,45,8.0,8.0,3,4,Master's,2,Female,4.5,4.0,4.0,2.6667,3.0,1.0
R_2QyrYS1rGcnfqVX,2022-11-21,1,2182,2,Engineer,Engineer,"Microsoft Excel, Word, or PowerPoint",2.0,4.0,4.0,4.0,4.0,4.0,4.0,4.0,4.0,3.0,3.0,3.0,2.0,1.0,3.0,3.0,1.0,2.0,3.0,4.0,4.0,3.0,,1979,43,4.0,17.0,2,3,Bachelor's,1,Male,3.5,4.0,3.3333,2.0,2.3333,2.0
R_205JneLGeKoBSaB,2022-11-21,1,700,2,Engineer,Engineer,"Microsoft Excel, Word, or PowerPoint",1.0,5.0,5.0,5.0,5.0,4.0,5.0,1.0,5.0,3.0,2.0,5.0,1.0,2.0,2.0,2.0,1.0,1.0,2.0,3.0,4.0,4.0,3.0,1976,46,8.0,25.0,2,3,Bachelor's,2,Female,4.0,3.75,3.3333,2.6667,1.6667,1.0
R_T78Rdfa84BeoYcF,2022-11-21,1,590,7,Other,Other,"Microsoft Excel, Word, or PowerPoint,MyDay, Tableau, PI Vision, or Spotfire,Business databases (e.g., PI, IDH, EDH, SAP, dbMap, or WellView),Internal business applications (e.g., DIMO, MyDay, WPA, Turndown Tool, or WIT),Other",5.0,4.0,5.0,5.0,4.0,6.0,5.0,3.0,6.0,4.0,4.0,6.0,6.0,6.0,3.0,3.0,3.0,4.0,4.0,5.0,5.0,4.0,4.0,,,10.0,10.0,5,,Other,2,Female,4.75,4.5,4.6667,6.0,3.0,4.0
R_2Va9Mui8ttOkFQp,2022-11-21,1,531,3,Commercial,Commercial,"Microsoft Excel, Word, or PowerPoint,MyDay, Tableau, PI Vision, or Spotfire",2.0,2.0,3.0,4.0,5.0,4.0,4.0,1.0,4.0,5.0,3.0,5.0,1.0,3.0,4.0,3.0,3.0,3.0,3.0,5.0,4.0,3.0,3.0,1988,34,4.0,4.0,2,3,Bachelor's,1,Male,2.75,3.5,4.0,3.0,3.3333,3.0
R_2zZTOk4aodtcVia,2022-11-21,1,1361,2,Engineer,Engineer,"Microsoft Excel, Word, or PowerPoint,MyDay, Tableau, PI Vision, or Spotfire",1.0,2.0,4.0,4.0,4.0,2.0,3.0,1.0,4.0,4.0,4.0,4.0,2.0,2.0,1.0,1.0,2.0,1.0,2.0,4.0,4.0,3.0,4.0,1962,60,21.0,38.0,3,4,Master's,1,Male,2.75,2.5,4.0,2.6667,1.3333,1.0
R_1JQrUCJ7VO8ocwI,2022-11-22,1,643,7,Other,Other,"Microsoft Excel, Word, or PowerPoint,Business databases (e.g., PI, IDH, EDH, SAP, dbMap, or WellView),Other",5.0,5.0,4.0,4.0,5.0,5.0,5.0,5.0,3.0,5.0,5.0,4.0,2.0,2.0,4.0,4.0,3.0,5.0,4.0,5.0,4.0,2.0,3.0,1990,32,10.0,10.0,1,1,High school,1,Male,4.5,5.0,4.3333,2.6667,3.6667,5.0
R_3dQSEqDjFsZIQl0,2022-11-22,1,374,5,Digital/Data/Technology,Digital/Data/Technology,"MyDay, Tableau, PI Vision, or Spotfire,Business databases (e.g., PI, IDH, EDH, SAP, dbMap, or WellView),Internal business applications (e.g., DIMO, MyDay, WPA, Turndown Tool, or WIT)",6.0,6.0,6.0,5.0,6.0,6.0,6.0,6.0,5.0,5.0,6.0,6.0,5.0,5.0,6.0,6.0,5.0,6.0,5.0,4.0,4.0,3.0,4.0,1971,51,8.0,14.0,2,3,Bachelor's,1,Male,5.75,6.0,5.3333,5.3333,5.6667,6.0
R_1mQWibanGQVhyqO,2022-11-15,0,123,7,Other,Other,"Microsoft Excel, Word, or PowerPoint,Business databases (e.g., PI, IDH, EDH, SAP, dbMap, or WellView),Other",2.0,4.0,5.0,,,,,,,,,,,,,,,,,,,,,,,,,,,,,,3.6667,,,,,
R_1KqXDQbv0n8oVd3,2022-11-15,0,144,1,Field Operations,Field Operations,"Microsoft Excel, Word, or PowerPoint,MyDay, Tableau, PI Vision, or Spotfire,Business databases (e.g., PI, IDH, EDH, SAP, dbMap, or WellView),Internal business applications (e.g., DIMO, MyDay, WPA, Turndown Tool, or WIT)",1.0,2.0,,,,,,,,,,,,,,,,,,,,,,,,,,,,,,,1.5,,,,,
R_2OPkSVgOQU0OhDK,2022-11-15,0,43,4,Corporate,Corporate,"Microsoft Excel, Word, or PowerPoint,MyDay, Tableau, PI Vision, or Spotfire",,,,,,,,,,,,,,,,,,,,,,,,,,,,,,,,,,,,,,
R_cBm0MIkXYrlYHSN,2022-11-15,0,143,3,Commercial,Commercial,"Microsoft Excel, Word, or PowerPoint,MyDay, Tableau, PI Vision, or Spotfire,Business databases (e.g., PI, IDH, EDH, SAP, dbMap, or WellView),Other",4.0,5.0,5.0,6.0,6.0,6.0,6.0,6.0,5.0,5.0,5.0,6.0,4.0,4.0,4.0,5.0,,,,,,,,,,,,,,,,,5.0,6.0,5.0,4.6667,4.5,
R_AI1DGuWhwArduA9,2022-11-15,0,39,7,Other,Other,,,,,,,,,,,,,,,,,,,,,,,,,,,,,,,,,,,,,,,
R_2f7MA4hRQJgJfAX,2022-11-15,0,281,7,Other,Other,"Microsoft Excel, Word, or PowerPoint,Business databases (e.g., PI, IDH, EDH, SAP, dbMap, or WellView),Other",4.0,4.0,4.0,4.0,4.0,4.0,4.0,2.0,6.0,4.0,4.0,,,,,,,,,,,,,,,,,,,,,,4.0,3.5,4.6667,,,
R_2t9YgtChssaQQR9,2022-11-15,0,42,7,Other,Other,"Microsoft Excel, Word, or PowerPoint",,,,,,,,,,,,,,,,,,,,,,,,,,,,,,,,,,,,,,
R_3kv2clW2obiYTKO,2022-11-15,0,65,,,,,,,,,,,,,,,,,,,,,,,,,,,,,,,,,,,,,,,,,,
R_1dhnzliEDYDuxcE,2022-11-15,0,59,,,,,,,,,,,,,,,,,,,,,,,,,,,,,,,,,,,,,,,,,,
R_3L0kjnwvOSWZUMC,2022-11-15,0,55,,,,,,,,,,,,,,,,,,,,,,,,,,,,,,,,,,,,,,,,,,
R_2WMDjBAYTUTbHCF,2022-11-15,0,1263,3,Commercial,Commercial,"Microsoft Excel, Word, or PowerPoint,MyDay, Tableau, PI Vision, or Spotfire,Business databases (e.g., PI, IDH, EDH, SAP, dbMap, or WellView)",2.0,5.0,5.0,6.0,5.0,,,,,,,,,,,,,,,,,,,,,,,,,,,,4.5,5.0,,,,
R_06R2SsCbLITX9ND,2022-11-22,1,719,2,Engineer,Engineer,"Microsoft Excel, Word, or PowerPoint,Other",3.0,4.0,3.0,3.0,4.0,4.0,4.0,3.0,5.0,4.0,4.0,4.0,3.0,3.0,4.0,3.0,2.0,4.0,3.0,5.0,4.0,4.0,3.0,1985,37,,10.0,2,3,Bachelor's,1,Male,3.25,3.75,4.3333,3.3333,3.0,4.0
R_2uDTWe8drV8SaYE,2022-11-15,0,64,1,Field Operations,Field Operations,"Microsoft Excel, Word, or PowerPoint,Business databases (e.g., PI, IDH, EDH, SAP, dbMap, or WellView)",,,,,,,,,,,,,,,,,,,,,,,,,,,,,,,,,,,,,,
R_3EHmhQIlsdZPajv,2022-11-15,0,80,5,Digital/Data/Technology,Digital/Data/Technology,"Microsoft Excel, Word, or PowerPoint,Business databases (e.g., PI, IDH, EDH, SAP, dbMap, or WellView)",,,,,,,,,,,,,,,,,,,,,,,,,,,,,,,,,,,,,,
R_3iqgfqWpGPaIT77,2022-11-15,0,1595,5,Digital/Data/Technology,Digital/Data/Technology,"Microsoft Excel, Word, or PowerPoint,Business databases (e.g., PI, IDH, EDH, SAP, dbMap, or WellView)",5.0,5.0,5.0,4.0,5.0,4.0,5.0,4.0,4.0,,,,,,,,,,,,,,,,,,,,,,,,4.75,4.5,4.0,,,
R_3oGUXsOHHvYrEiN,2022-11-15,0,245,4,Corporate,Corporate,"Microsoft Excel, Word, or PowerPoint,Business databases (e.g., PI, IDH, EDH, SAP, dbMap, or WellView),Internal business applications (e.g., DIMO, MyDay, WPA, Turndown Tool, or WIT)",3.0,,,,,,,,,,,,,,,,,,,,,,,,,,,,,,,,3.0,,,,,
R_3nIr4wZNwOkXgbc,2022-11-15,0,23,,,,,,,,,,,,,,,,,,,,,,,,,,,,,,,,,,,,,,,,,,
R_2D2pRSBXkEsooz2,2022-11-15,0,460,1,Field Operations,Field Operations,"Microsoft Excel, Word, or PowerPoint,MyDay, Tableau, PI Vision, or Spotfire,Business databases (e.g., PI, IDH, EDH, SAP, dbMap, or WellView),Internal business applications (e.g., DIMO, MyDay, WPA, Turndown Tool, or WIT)",4.0,2.0,3.0,4.0,3.0,3.0,,,,,,,,,,,,,,,,,,,,,,,,,,,3.25,3.0,,,,
R_DOXbQEUHoGP39oR,2022-11-15,0,1740,7,Other,Other,"Microsoft Excel, Word, or PowerPoint,MyDay, Tableau, PI Vision, or Spotfire,Business databases (e.g., PI, IDH, EDH, SAP, dbMap, or WellView),Internal business applications (e.g., DIMO, MyDay, WPA, Turndown Tool, or WIT)",1.0,4.0,3.0,2.0,4.0,2.0,3.0,1.0,4.0,4.0,3.0,4.0,3.0,2.0,,,,,,,,,,,,,,,,,,,2.5,2.5,3.6667,3.0,,
R_1JPhszWBupT6Cbj,2022-11-22,1,349,1,Field Operations,Field Operations,"Microsoft Excel, Word, or PowerPoint,MyDay, Tableau, PI Vision, or Spotfire,Business databases (e.g., PI, IDH, EDH, SAP, dbMap, or WellView),Internal business applications (e.g., DIMO, MyDay, WPA, Turndown Tool, or WIT)",1.0,3.0,2.0,3.0,4.0,3.0,4.0,2.0,4.0,3.0,3.0,4.0,1.0,2.0,2.0,1.0,2.0,2.0,3.0,5.0,5.0,2.0,2.0,1987,35,10.0,15.0,7,2,Trade/professional cert,1,Male,2.25,3.25,3.3333,2.3333,1.6667,2.0
R_33ptdDQ7SI2VXO1,2022-11-15,0,146,1,Field Operations,Field Operations,"Microsoft Excel, Word, or PowerPoint,MyDay, Tableau, PI Vision, or Spotfire",1.0,3.0,2.0,3.0,3.0,3.0,3.0,3.0,2.0,2.0,3.0,3.0,1.0,1.0,,,,,,,,,,,,,,,,,,,2.25,3.0,2.3333,1.6667,,
R_UllQHT6XrYXIEwh,2022-11-15,0,139,7,Other,Other,"Microsoft Excel, Word, or PowerPoint,MyDay, Tableau, PI Vision, or Spotfire",,,,,,,,,,,,,,,,,,,,,,,,,,,,,,,,,,,,,,
R_cXS7db4KcqHXToZ,2022-11-15,0,61151,7,Other,Other,"Microsoft Excel, Word, or PowerPoint,MyDay, Tableau, PI Vision, or Spotfire,Internal business applications (e.g., DIMO, MyDay, WPA, Turndown Tool, or WIT)",3.0,4.0,,,,,,,,,,,,,,,,,,,,,,,,,,,,,,,3.5,,,,,
R_3hu8bb4LRAZvW81,2022-11-16,0,229,2,Engineer,Engineer,"Microsoft Excel, Word, or PowerPoint,MyDay, Tableau, PI Vision, or Spotfire,Business databases (e.g., PI, IDH, EDH, SAP, dbMap, or WellView),Other",2.0,2.0,5.0,,,,,,,,,,,,,,,,,,,,,,,,,,,,,,3.0,,,,,
R_3DoR1484d2K0VOh,2022-11-23,1,549,1,Field Operations,Field Operations,"Microsoft Excel, Word, or PowerPoint,MyDay, Tableau, PI Vision, or Spotfire,Business databases (e.g., PI, IDH, EDH, SAP, dbMap, or WellView),Internal business applications (e.g., DIMO, MyDay, WPA, Turndown Tool, or WIT)",3.0,3.0,3.0,2.0,3.0,2.0,3.0,3.0,3.0,3.0,3.0,4.0,3.0,3.0,2.0,2.0,1.0,1.0,2.0,3.0,4.0,3.0,2.0,1963,59,14.0,14.0,7,2,Trade/professional cert,1,Male,2.75,2.75,3.0,3.3333,1.6667,1.0
R_5yVjMwMlTSORIbL,2022-11-16,0,121,4,Corporate,Corporate,"Microsoft Excel, Word, or PowerPoint,Business databases (e.g., PI, IDH, EDH, SAP, dbMap, or WellView)",3.0,4.0,3.0,5.0,6.0,4.0,,,,,,,,,,,,,,,,,,,,,,,,,,,3.75,5.0,,,,
R_3Ear1XknzJFZvEy,2022-11-16,0,2269,3,Commercial,Commercial,"Microsoft Excel, Word, or PowerPoint,MyDay, Tableau, PI Vision, or Spotfire,Python or R,Business databases (e.g., PI, IDH, EDH, SAP, dbMap, or WellView)",5.0,5.0,5.0,5.0,3.0,5.0,3.0,4.0,1.0,4.0,4.0,4.0,1.0,2.0,5.0,1.0,,,,,,,,,,,,,,,,,5.0,3.75,3.0,2.3333,3.0,
R_2AKk4jbFNmjyAoD,2022-11-16,0,114,3,Commercial,Commercial,,,,,,,,,,,,,,,,,,,,,,,,,,,,,,,,,,,,,,,
R_3MFJISTotxdsBTR,2022-11-16,0,156,5,Digital/Data/Technology,Digital/Data/Technology,"Microsoft Excel, Word, or PowerPoint,Other",2.0,3.0,,,,,,,,,,,,,,,,,,,,,,,,,,,,,,,2.5,,,,,
R_1obeJ8PS3eooiQE,2022-11-23,1,737,7,Other,Other,"Microsoft Excel, Word, or PowerPoint,MyDay, Tableau, PI Vision, or Spotfire,Business databases (e.g., PI, IDH, EDH, SAP, dbMap, or WellView),Internal business applications (e.g., DIMO, MyDay, WPA, Turndown Tool, or WIT)",3.0,4.0,3.0,3.0,4.0,4.0,4.0,3.0,4.0,4.0,4.0,4.0,3.0,3.0,4.0,3.0,2.0,1.0,3.0,4.0,4.0,1.0,1.0,1985,37,1.0,9.0,7,2,Trade/professional cert,2,Female,3.25,3.75,4.0,3.3333,3.0,1.0
R_cZ7xrfaRH23FPQR,2022-11-23,1,4857,7,Other,Other,"Microsoft Excel, Word, or PowerPoint",2.0,4.0,4.0,4.0,4.0,3.0,3.0,1.0,3.0,3.0,3.0,4.0,1.0,1.0,2.0,3.0,2.0,1.0,2.0,5.0,3.0,4.0,3.0,1976,46,5.0,5.0,5,,Other,2,Female,3.5,2.75,3.0,2.0,2.3333,1.0
R_3dSpHXxa46FIGRZ,2022-11-16,0,125,6,Graduate,Graduate,,,,,,,,,,,,,,,,,,,,,,,,,,,,,,,,,,,,,,,
R_OBWL0h58K9iNzZT,2022-11-16,0,151,7,Other,Other,"Microsoft Excel, Word, or PowerPoint",2.0,1.0,,,,,,,,,,,,,,,,,,,,,,,,,,,,,,,1.5,,,,,
R_xgcLloHqOP8ugY9,2022-11-23,1,10862,2,Engineer,Engineer,"Microsoft Excel, Word, or PowerPoint,Business databases (e.g., PI, IDH, EDH, SAP, dbMap, or WellView)",5.0,4.0,4.0,4.0,6.0,5.0,5.0,4.0,6.0,5.0,5.0,6.0,4.0,5.0,5.0,4.0,4.0,4.0,3.0,5.0,4.0,2.0,4.0,1993,29,1.0,5.0,2,3,Bachelor's,2,Female,4.25,5.0,5.3333,5.0,4.3333,4.0
R_2xOXorLqNetjFJH,2022-11-16,0,383,1,Field Operations,Field Operations,"Microsoft Excel, Word, or PowerPoint,Business databases (e.g., PI, IDH, EDH, SAP, dbMap, or WellView)",3.0,3.0,,,,,,,,,,,,,,,,,,,,,,,,,,,,,,,3.0,,,,,
R_31vKUUXt4kG6xRD,2022-11-17,0,2188,2,Engineer,Engineer,"Microsoft Excel, Word, or PowerPoint,MyDay, Tableau, PI Vision, or Spotfire,Business databases (e.g., PI, IDH, EDH, SAP, dbMap, or WellView)",2.0,2.0,1.0,2.0,5.0,3.0,3.0,,,,,,,,,,,,,,,,,,,,,,,,,,1.75,3.6667,,,,
R_28YyqhlHW36JQfW,2022-11-24,1,441,1,Field Operations,Field Operations,"Microsoft Excel, Word, or PowerPoint,MyDay, Tableau, PI Vision, or Spotfire,Business databases (e.g., PI, IDH, EDH, SAP, dbMap, or WellView)",1.0,2.0,2.0,2.0,3.0,2.0,2.0,1.0,2.0,3.0,3.0,5.0,2.0,2.0,2.0,2.0,2.0,1.0,3.0,3.0,3.0,1.0,2.0,1987,35,9.0,12.0,7,2,Trade/professional cert,1,Male,1.75,2.0,2.6667,3.0,2.0,1.0
R_cC0EcVf6i6aFQvn,2022-11-24,1,1047,2,Engineer,Engineer,"Microsoft Excel, Word, or PowerPoint,Other",2.0,3.0,3.0,4.0,4.0,4.0,4.0,4.0,4.0,2.0,2.0,4.0,2.0,2.0,3.0,2.0,2.0,1.0,3.0,5.0,5.0,4.0,3.0,,,3.5,3.5,2,3,Bachelor's,2,Female,3.0,4.0,2.6667,2.6667,2.3333,1.0
R_3jcBWUFdpr9tOWt,2022-11-17,0,285,7,Other,Other,"Microsoft Excel, Word, or PowerPoint,Business databases (e.g., PI, IDH, EDH, SAP, dbMap, or WellView)",,,,,,,,,,,,,,,,,,,,,,,,,,,,,,,,,,,,,,
R_3s0kJi8tEGCtbsZ,2022-11-17,0,83,2,Engineer,Engineer,"Microsoft Excel, Word, or PowerPoint",,,,,,,,,,,,,,,,,,,,,,,,,,,,,,,,,,,,,,
R_r3lhYZVVDMiili1,2022-11-18,0,97,,,,,,,,,,,,,,,,,,,,,,,,,,,,,,,,,,,,,,,,,,
R_3jcz9WfRAdjBO6E,2022-11-25,1,1966,1,Field Operations,Field Operations,"Microsoft Excel, Word, or PowerPoint,MyDay, Tableau, PI Vision, or Spotfire,Other",5.0,4.0,3.0,3.0,6.0,4.0,5.0,2.0,5.0,6.0,4.0,6.0,5.0,5.0,5.0,5.0,3.0,1.0,3.0,5.0,5.0,3.0,4.0,1984,38,10.0,10.0,7,2,Trade/professional cert,2,Female,3.75,4.25,5.0,5.3333,4.3333,1.0
R_2D08gy3jNkS96Jf,2022-11-19,0,75,1,Field Operations,Field Operations,"MyDay, Tableau, PI Vision, or Spotfire",,,,,,,,,,,,,,,,,,,,,,,,,,,,,,,,,,,,,,
R_3nNohWKFYUQMEZ1,2022-11-20,0,237,1,Field Operations,Field Operations,"MyDay, Tableau, PI Vision, or Spotfire,Business databases (e.g., PI, IDH, EDH, SAP, dbMap, or WellView),Internal business applications (e.g., DIMO, MyDay, WPA, Turndown Tool, or WIT)",1.0,4.0,4.0,4.0,4.0,4.0,5.0,4.0,,,,,,,,,,,,,,,,,,,,,,,,,3.25,4.25,,,,
R_2wsJgH6tV26TRBw,2022-11-27,1,949,7,Other,Other,"Microsoft Excel, Word, or PowerPoint,Business databases (e.g., PI, IDH, EDH, SAP, dbMap, or WellView),Internal business applications (e.g., DIMO, MyDay, WPA, Turndown Tool, or WIT)",4.0,3.0,3.0,4.0,3.0,2.0,3.0,1.0,4.0,2.0,3.0,3.0,3.0,3.0,3.0,1.0,3.0,1.0,3.0,5.0,4.0,2.0,,,,0.333,9.0,5,,Other,2,Female,3.5,2.25,3.0,3.0,2.3333,1.0
R_2qF3o75GC5I8Bic,2022-11-27,1,394,2,Engineer,Engineer,"Microsoft Excel, Word, or PowerPoint",2.0,3.0,4.0,4.0,4.0,3.0,3.0,2.0,3.0,3.0,2.0,4.0,2.0,3.0,3.0,2.0,1.0,2.0,2.0,3.0,2.0,3.0,2.0,1970,52,17.0,25.0,2,3,Bachelor's,1,Male,3.25,3.0,2.6667,3.0,2.0,2.0
R_1eVplj2PleSfATD,2022-11-27,1,259,4,Corporate,Corporate,"Microsoft Excel, Word, or PowerPoint",2.0,3.0,2.0,4.0,5.0,4.0,4.0,3.0,5.0,5.0,5.0,5.0,1.0,2.0,4.0,3.0,3.0,2.0,2.0,3.0,4.0,2.0,1.0,1988,34,10.0,10.0,7,2,Trade/professional cert,2,Female,2.75,4.0,5.0,2.6667,3.3333,2.0
R_vI7nl7xG5jiKyuB,2022-11-27,1,331,2,Engineer,Engineer,"Microsoft Excel, Word, or PowerPoint",2.0,4.0,4.0,4.0,5.0,5.0,5.0,2.0,4.0,5.0,5.0,5.0,3.0,4.0,4.0,4.0,3.0,2.0,3.0,4.0,3.0,2.0,2.0,1977,45,12.0,19.0,2,3,Bachelor's,1,Male,3.5,4.25,4.6667,4.0,3.6667,2.0
R_3Hn19dn2VYVSHPh,2022-11-27,1,346,6,Graduate,Digital/Data/Technology,"Microsoft Excel, Word, or PowerPoint",2.0,3.0,3.0,4.0,4.0,3.0,3.0,3.0,3.0,4.0,2.0,4.0,1.0,1.0,2.0,1.0,2.0,1.0,2.0,4.0,4.0,3.0,4.0,1980,42,1.0,1.0,1,1,High school,2,Female,3.0,3.25,3.0,2.0,1.6667,1.0
R_2ZPjt138JvIKQvN,2022-11-27,1,1027,5,Digital/Data/Technology,Digital/Data/Technology,"Python or R,Business databases (e.g., PI, IDH, EDH, SAP, dbMap, or WellView)",5.0,3.0,5.0,5.0,5.0,4.0,4.0,4.0,5.0,5.0,3.0,4.0,3.0,4.0,4.0,4.0,4.0,5.0,5.0,5.0,4.0,4.0,2.0,1989,33,12.0,12.0,2,3,Bachelor's,2,Female,4.5,4.25,4.3333,3.6667,4.0,5.0
R_3oXvUkKLrQtSUp2,2022-11-27,1,385,7,Other,Other,"Microsoft Excel, Word, or PowerPoint,MyDay, Tableau, PI Vision, or Spotfire,Business databases (e.g., PI, IDH, EDH, SAP, dbMap, or WellView),Other",4.0,5.0,5.0,5.0,6.0,4.0,6.0,3.0,3.0,3.0,5.0,6.0,2.0,4.0,4.0,3.0,2.0,2.0,2.0,5.0,4.0,4.0,3.0,1988,34,13.0,17.0,2,3,Bachelor's,1,Male,4.75,4.75,3.6667,4.0,3.0,2.0
R_2aKckk2FxqVkxqc,2022-11-27,1,383,3,Commercial,Commercial,"Microsoft Excel, Word, or PowerPoint",1.0,2.0,1.0,2.0,5.0,2.0,1.0,1.0,4.0,4.0,4.0,5.0,6.0,1.0,1.0,1.0,2.0,1.0,2.0,4.0,4.0,3.0,2.0,1975,47,4.0,22.0,3,4,Master's,1,Male,1.5,2.25,4.0,4.0,1.3333,1.0
R_3PNT1fRkY7Nh0Wk,2022-11-27,1,325,6,Graduate,Engineer,"Microsoft Excel, Word, or PowerPoint",1.0,3.0,4.0,3.0,3.0,3.0,3.0,2.0,3.0,3.0,3.0,4.0,2.0,3.0,3.0,3.0,4.0,2.0,2.0,5.0,3.0,2.0,3.0,1986,36,1.5,1.5,3,4,Master's,1,Male,2.75,2.75,3.0,3.0,3.3333,2.0
R_3rGw3LTYQOeaEyf,2022-11-28,1,2311,5,Digital/Data/Technology,Digital/Data/Technology,"Microsoft Excel, Word, or PowerPoint,MyDay, Tableau, PI Vision, or Spotfire,Business databases (e.g., PI, IDH, EDH, SAP, dbMap, or WellView),Internal business applications (e.g., DIMO, MyDay, WPA, Turndown Tool, or WIT)",4.0,4.0,4.0,4.0,5.0,4.0,5.0,3.0,5.0,3.0,4.0,4.0,4.0,4.0,3.0,3.0,3.0,2.0,4.0,5.0,5.0,3.0,4.0,1976,46,0.1,8.0,3,4,Master's,1,Male,4.0,4.25,4.0,4.0,3.0,2.0
R_2ROCm3JRYMpC2c8,2022-11-28,1,866,4,Corporate,Corporate,"Microsoft Excel, Word, or PowerPoint,MyDay, Tableau, PI Vision, or Spotfire,Other",5.0,5.0,4.0,4.0,4.0,4.0,4.0,3.0,4.0,4.0,4.0,5.0,5.0,4.0,5.0,4.0,4.0,3.0,3.0,4.0,4.0,3.0,3.0,1979,43,13.0,13.0,2,3,Bachelor's,2,Female,4.5,3.75,4.0,4.6667,4.3333,3.0
R_22rAOYnJ69T6LPu,2022-11-15,0,506249,7,Other,Other,"Microsoft Excel, Word, or PowerPoint,Business databases (e.g., PI, IDH, EDH, SAP, dbMap, or WellView),Internal business applications (e.g., DIMO, MyDay, WPA, Turndown Tool, or WIT)",1.0,2.0,,,,,,,,,,,,,,,,,,,,,,,,,,,,,,,1.5,,,,,
R_2zUO2Quh6pzyg0c,2022-11-28,1,406,5,Digital/Data/Technology,Digital/Data/Technology,"Microsoft Excel, Word, or PowerPoint,Internal business applications (e.g., DIMO, MyDay, WPA, Turndown Tool, or WIT),Other",4.0,5.0,5.0,4.0,5.0,4.0,5.0,4.0,4.0,4.0,4.0,4.0,4.0,4.0,5.0,5.0,5.0,3.0,3.0,5.0,5.0,3.0,4.0,1966,56,,,5,,Other,2,Female,4.5,4.5,4.0,4.0,5.0,3.0
R_51JBbJBsdU77fAl,2022-11-29,1,762,1,Field Operations,Field Operations,"MyDay, Tableau, PI Vision, or Spotfire,Internal business applications (e.g., DIMO, MyDay, WPA, Turndown Tool, or WIT)",1.0,3.0,3.0,4.0,4.0,3.0,3.0,3.0,4.0,4.0,3.0,4.0,2.0,3.0,3.0,2.0,2.0,1.0,3.0,4.0,4.0,2.0,3.0,1992,30,3.5,12.0,7,2,Trade/professional cert,1,Male,2.75,3.25,3.6667,3.0,2.3333,1.0
R_AccTgO4qHIu3RUl,2022-11-29,1,644,1,Field Operations,Field Operations,"Microsoft Excel, Word, or PowerPoint,MyDay, Tableau, PI Vision, or Spotfire,Internal business applications (e.g., DIMO, MyDay, WPA, Turndown Tool, or WIT)",1.0,4.0,4.0,3.0,3.0,4.0,4.0,4.0,4.0,4.0,3.0,3.0,3.0,2.0,4.0,3.0,2.0,1.0,3.0,2.0,2.0,1.0,2.0,1965,57,9.0,9.0,5,,Other,1,Male,3.0,3.75,3.6667,2.6667,3.0,1.0
R_1eWbuvizstoP7jo,2022-11-22,0,110,7,Other,Other,,,,,,,,,,,,,,,,,,,,,,,,,,,,,,,,,,,,,,,
R_1Cg5mXkWsqdgMJy,2022-11-27,1,181580,7,Other,Other,"Microsoft Excel, Word, or PowerPoint,MyDay, Tableau, PI Vision, or Spotfire",3.0,4.0,5.0,5.0,5.0,4.0,4.0,3.0,5.0,4.0,3.0,5.0,3.0,2.0,3.0,3.0,3.0,3.0,3.0,5.0,4.0,3.0,4.0,1976,46,9.0,11.0,2,3,Bachelor's,1,Male,4.25,4.0,4.0,3.3333,3.0,3.0
R_3R9NyMV5sV9jPNV,2022-11-29,1,519,1,Field Operations,Field Operations,"Microsoft Excel, Word, or PowerPoint,MyDay, Tableau, PI Vision, or Spotfire",3.0,3.0,3.0,3.0,3.0,3.0,3.0,2.0,4.0,3.0,3.0,3.0,1.0,1.0,1.0,1.0,1.0,1.0,2.0,2.0,2.0,2.0,2.0,1962,60,9.0,9.0,7,2,Trade/professional cert,1,Male,3.0,2.75,3.3333,1.6667,1.0,1.0
R_31d9fbRQMTMSf1w,2022-11-29,1,435,6,Graduate,Digital/Data/Technology,"MyDay, Tableau, PI Vision, or Spotfire,Business databases (e.g., PI, IDH, EDH, SAP, dbMap, or WellView),Internal business applications (e.g., DIMO, MyDay, WPA, Turndown Tool, or WIT)",4.0,4.0,4.0,4.0,5.0,5.0,5.0,4.0,5.0,5.0,4.0,5.0,5.0,5.0,4.0,4.0,4.0,4.0,4.0,4.0,4.0,4.0,4.0,1980,42,1.5,3.0,2,3,Bachelor's,1,Male,4.0,4.75,4.6667,5.0,4.0,4.0
R_Z1z1RNC7csiMJln,2022-11-30,1,540,1,Field Operations,Field Operations,"Microsoft Excel, Word, or PowerPoint,MyDay, Tableau, PI Vision, or Spotfire,Business databases (e.g., PI, IDH, EDH, SAP, dbMap, or WellView),Internal business applications (e.g., DIMO, MyDay, WPA, Turndown Tool, or WIT)",3.0,3.0,5.0,6.0,4.0,4.0,3.0,2.0,2.0,2.0,3.0,3.0,1.0,3.0,3.0,4.0,2.0,2.0,3.0,5.0,5.0,2.0,1.0,1982,40,11.0,22.0,7,2,Trade/professional cert,1,Male,4.25,3.25,2.3333,2.3333,3.0,2.0
R_Z1Tvz5jtaqjRNyV,2022-11-30,1,481,1,Field Operations,Field Operations,"Microsoft Excel, Word, or PowerPoint,MyDay, Tableau, PI Vision, or Spotfire,Business databases (e.g., PI, IDH, EDH, SAP, dbMap, or WellView),Internal business applications (e.g., DIMO, MyDay, WPA, Turndown Tool, or WIT)",1.0,1.0,1.0,3.0,3.0,2.0,4.0,1.0,4.0,3.0,3.0,5.0,1.0,1.0,1.0,1.0,1.0,1.0,2.0,3.0,4.0,2.0,3.0,1974,48,9.0,25.0,1,1,High school,1,Male,1.5,2.5,3.3333,2.3333,1.0,1.0
R_xbiipOWqHPkv3QR,2022-11-30,1,542,3,Commercial,Commercial,"Microsoft Excel, Word, or PowerPoint,MyDay, Tableau, PI Vision, or Spotfire,Python or R,Business databases (e.g., PI, IDH, EDH, SAP, dbMap, or WellView),Internal business applications (e.g., DIMO, MyDay, WPA, Turndown Tool, or WIT),Other",6.0,6.0,5.0,6.0,5.0,6.0,5.0,5.0,4.0,4.0,4.0,4.0,4.0,3.0,5.0,5.0,5.0,5.0,5.0,4.0,4.0,3.0,2.0,1976,46,10.0,20.0,3,4,Master's,1,Male,5.75,5.25,4.0,3.6667,5.0,5.0
R_2Qs7qg1DFxnEsfM,2022-11-30,1,289,1,Field Operations,Field Operations,"Microsoft Excel, Word, or PowerPoint,MyDay, Tableau, PI Vision, or Spotfire,Business databases (e.g., PI, IDH, EDH, SAP, dbMap, or WellView),Internal business applications (e.g., DIMO, MyDay, WPA, Turndown Tool, or WIT)",3.0,3.0,2.0,2.0,3.0,2.0,3.0,2.0,3.0,3.0,2.0,4.0,3.0,1.0,2.0,2.0,1.0,1.0,2.0,2.0,3.0,3.0,3.0,1968,54,12.0,12.0,7,2,Trade/professional cert,1,Male,2.5,2.5,2.6667,2.6667,1.6667,1.0
R_2fqjofGZhXSwhu4,2022-11-30,1,7877,6,Graduate,Field Operations,"Business databases (e.g., PI, IDH, EDH, SAP, dbMap, or WellView)",4.0,3.0,3.0,4.0,5.0,3.0,4.0,3.0,2.0,2.0,1.0,2.0,2.0,2.0,2.0,2.0,2.0,1.0,3.0,4.0,3.0,4.0,2.0,1998,24,2.0,2.0,2,3,Bachelor's,2,Female,3.5,3.75,1.6667,2.0,2.0,1.0
R_2xSg6IYjKScVSRQ,2022-11-30,1,770,7,Other,Other,"Microsoft Excel, Word, or PowerPoint,Business databases (e.g., PI, IDH, EDH, SAP, dbMap, or WellView)",3.0,3.0,4.0,4.0,4.0,3.0,4.0,4.0,4.0,4.0,4.0,5.0,1.0,3.0,4.0,4.0,3.0,1.0,3.0,4.0,4.0,3.0,3.0,,,5.0,34.0,7,2,Trade/professional cert,1,Male,3.5,3.75,4.0,3.0,3.6667,1.0
R_2ag9WvArx5CVezZ,2022-11-27,1,275217,6,Graduate,Engineer,"Microsoft Excel, Word, or PowerPoint,Business databases (e.g., PI, IDH, EDH, SAP, dbMap, or WellView)",4.0,3.0,4.0,4.0,5.0,4.0,5.0,3.0,4.0,5.0,4.0,4.0,3.0,3.0,4.0,4.0,3.0,2.0,3.0,4.0,3.0,4.0,4.0,1993,29,1.5,1.5,2,3,Bachelor's,2,Female,3.75,4.25,4.3333,3.3333,3.6667,2.0
R_2trRfN8MTOAStv4,2022-11-24,0,96,,,,,,,,,,,,,,,,,,,,,,,,,,,,,,,,,,,,,,,,,,
R_suiuEOhGwbH0CiZ,2022-12-01,1,777,5,Digital/Data/Technology,Digital/Data/Technology,"Microsoft Excel, Word, or PowerPoint,MyDay, Tableau, PI Vision, or Spotfire,Business databases (e.g., PI, IDH, EDH, SAP, dbMap, or WellView),Internal business applications (e.g., DIMO, MyDay, WPA, Turndown Tool, or WIT),Other",6.0,5.0,6.0,5.0,5.0,6.0,5.0,6.0,5.0,4.0,4.0,4.0,4.0,4.0,5.0,6.0,4.0,5.0,5.0,4.0,4.0,4.0,4.0,1962,60,11.0,11.0,2,3,Bachelor's,1,Male,5.5,5.5,4.3333,4.0,5.0,5.0
R_3nlvTMgBTxSKzEp,2022-12-01,1,936,5,Digital/Data/Technology,Digital/Data/Technology,"Microsoft Excel, Word, or PowerPoint,Business databases (e.g., PI, IDH, EDH, SAP, dbMap, or WellView)",5.0,4.0,5.0,4.0,4.0,4.0,4.0,2.0,4.0,3.0,4.0,4.0,3.0,4.0,5.0,5.0,5.0,2.0,3.0,5.0,4.0,4.0,4.0,1955,67,2.0,8.0,2,3,Bachelor's,2,Female,4.5,3.5,3.6667,3.6667,5.0,2.0
R_2TzOmcZIWbbObVq,2022-12-01,1,545,5,Digital/Data/Technology,Digital/Data/Technology,"Microsoft Excel, Word, or PowerPoint,MyDay, Tableau, PI Vision, or Spotfire",2.0,2.0,2.0,4.0,4.0,3.0,3.0,2.0,4.0,3.0,2.0,5.0,2.0,3.0,3.0,3.0,4.0,2.0,2.0,5.0,5.0,4.0,3.0,1991,31,10.0,10.0,2,3,Bachelor's,1,Male,2.5,3.0,3.0,3.3333,3.3333,2.0
R_2e2lVE47RANLW4V,2022-12-01,1,5298,4,Corporate,Corporate,"Microsoft Excel, Word, or PowerPoint",2.0,1.0,1.0,4.0,6.0,3.0,6.0,3.0,5.0,5.0,5.0,6.0,3.0,4.0,5.0,4.0,3.0,2.0,3.0,4.0,4.0,3.0,4.0,,,10.0,15.0,2,3,Bachelor's,1,Male,2.0,4.5,5.0,4.3333,4.0,2.0
R_3F7IYM4CBROyc2B,2022-12-01,1,11067,6,Graduate,Digital/Data/Technology,"Microsoft Excel, Word, or PowerPoint,MyDay, Tableau, PI Vision, or Spotfire,Python or R,Business databases (e.g., PI, IDH, EDH, SAP, dbMap, or WellView),Internal business applications (e.g., DIMO, MyDay, WPA, Turndown Tool, or WIT)",6.0,6.0,6.0,6.0,6.0,6.0,6.0,6.0,5.0,5.0,4.0,5.0,5.0,5.0,6.0,6.0,5.0,6.0,4.0,5.0,3.0,3.0,3.0,1990,32,3.0,3.0,3,4,Master's,1,Male,6.0,6.0,4.6667,5.0,5.6667,6.0
R_ST1Tcq5v8ptewhz,2022-12-01,1,940,6,Graduate,Digital/Data/Technology,"Microsoft Excel, Word, or PowerPoint,Business databases (e.g., PI, IDH, EDH, SAP, dbMap, or WellView)",6.0,6.0,6.0,6.0,6.0,6.0,6.0,6.0,6.0,6.0,6.0,6.0,4.0,5.0,6.0,6.0,6.0,6.0,4.0,5.0,4.0,3.0,3.0,,,1.0,1.0,3,4,Master's,1,Male,6.0,6.0,6.0,5.0,6.0,6.0
R_1DS7KNcGKKNHsTi,2022-12-01,1,13147,5,Digital/Data/Technology,Digital/Data/Technology,Other,5.0,5.0,5.0,5.0,4.0,5.0,5.0,5.0,5.0,5.0,5.0,5.0,4.0,3.0,4.0,6.0,6.0,4.0,5.0,1.0,1.0,1.0,3.0,,,6.0,15.0,3,4,Master's,1,Male,5.0,4.75,5.0,4.0,5.3333,4.0
R_3NDrtsiCEvRpxcD,2022-12-02,1,1434,7,Other,Other,"Microsoft Excel, Word, or PowerPoint,Internal business applications (e.g., DIMO, MyDay, WPA, Turndown Tool, or WIT),Other",3.0,3.0,4.0,4.0,5.0,4.0,5.0,1.0,4.0,3.0,3.0,4.0,2.0,3.0,4.0,4.0,2.0,1.0,3.0,5.0,3.0,3.0,4.0,1980,42,15.0,23.0,7,2,Trade/professional cert,1,Male,3.5,3.75,3.3333,3.0,3.3333,1.0
R_265UfNAEwy9eqMX,2022-12-04,1,338,5,Digital/Data/Technology,Digital/Data/Technology,"Microsoft Excel, Word, or PowerPoint,Other",6.0,6.0,6.0,5.0,6.0,6.0,6.0,5.0,6.0,4.0,4.0,6.0,3.0,2.0,4.0,5.0,4.0,4.0,5.0,4.0,4.0,2.0,2.0,1977,45,,,3,4,Master's,1,Male,5.75,5.75,4.6667,3.6667,4.3333,4.0
R_3DoI1MwtfUgVMbM,2022-12-04,1,915,5,Digital/Data/Technology,Digital/Data/Technology,"Microsoft Excel, Word, or PowerPoint,MyDay, Tableau, PI Vision, or Spotfire,Business databases (e.g., PI, IDH, EDH, SAP, dbMap, or WellView),Internal business applications (e.g., DIMO, MyDay, WPA, Turndown Tool, or WIT)",5.0,5.0,5.0,6.0,5.0,5.0,5.0,5.0,3.0,3.0,3.0,4.0,2.0,2.0,4.0,5.0,4.0,5.0,3.0,4.0,4.0,3.0,3.0,1969,53,3.0,5.0,2,3,Bachelor's,1,Male,5.25,5.0,3.0,2.6667,4.3333,5.0
R_2cAE6iNOiAjFG2U,2022-12-05,1,448,7,Other,Other,"Microsoft Excel, Word, or PowerPoint,MyDay, Tableau, PI Vision, or Spotfire,Internal business applications (e.g., DIMO, MyDay, WPA, Turndown Tool, or WIT),Other",2.0,4.0,4.0,4.0,4.0,3.0,4.0,5.0,4.0,4.0,4.0,4.0,3.0,4.0,5.0,4.0,4.0,3.0,3.0,4.0,3.0,2.0,2.0,1987,35,11.0,14.0,7,2,Trade/professional cert,1,Male,3.5,4.0,4.0,3.6667,4.3333,3.0
R_3I63XMZk0nP7YhS,2022-12-05,1,1002,5,Digital/Data/Technology,Digital/Data/Technology,"Microsoft Excel, Word, or PowerPoint,MyDay, Tableau, PI Vision, or Spotfire,Python or R,Business databases (e.g., PI, IDH, EDH, SAP, dbMap, or WellView),Internal business applications (e.g., DIMO, MyDay, WPA, Turndown Tool, or WIT),Other",6.0,6.0,5.0,5.0,6.0,6.0,5.0,5.0,5.0,5.0,5.0,5.0,3.0,4.0,5.0,6.0,4.0,6.0,5.0,5.0,5.0,3.0,4.0,1985,37,10.0,10.0,2,3,Bachelor's,1,Male,5.5,5.5,5.0,4.0,5.0,6.0
R_2wacevtzybUlQRl,2022-12-05,1,196,5,Digital/Data/Technology,Digital/Data/Technology,Python or R,5.0,4.0,5.0,6.0,6.0,6.0,5.0,5.0,3.0,5.0,4.0,4.0,1.0,5.0,4.0,5.0,5.0,6.0,5.0,5.0,5.0,4.0,4.0,1995,27,5.0,5.0,2,3,Bachelor's,2,Female,5.0,5.5,4.0,3.3333,4.6667,6.0
R_3sG7jQmZlHP9aBr,2022-12-05,1,282,5,Digital/Data/Technology,Digital/Data/Technology,"Microsoft Excel, Word, or PowerPoint,Business databases (e.g., PI, IDH, EDH, SAP, dbMap, or WellView),Internal business applications (e.g., DIMO, MyDay, WPA, Turndown Tool, or WIT)",4.0,4.0,3.0,3.0,5.0,4.0,6.0,5.0,5.0,5.0,4.0,6.0,2.0,3.0,4.0,5.0,4.0,2.0,5.0,4.0,4.0,4.0,2.0,1984,38,14.0,14.0,2,3,Bachelor's,1,Male,3.5,5.0,4.6667,3.6667,4.3333,2.0
R_1i3ho1Vyee1lba0,2022-12-05,1,272,5,Digital/Data/Technology,Digital/Data/Technology,"Microsoft Excel, Word, or PowerPoint,Business databases (e.g., PI, IDH, EDH, SAP, dbMap, or WellView)",5.0,5.0,6.0,5.0,5.0,6.0,5.0,5.0,6.0,6.0,6.0,6.0,4.0,3.0,4.0,6.0,5.0,4.0,4.0,5.0,5.0,2.0,2.0,1992,30,0.2,4.0,2,3,Bachelor's,1,Male,5.25,5.25,6.0,4.3333,5.0,4.0
R_3homLzpuOagN5Sy,2022-12-05,1,330,5,Digital/Data/Technology,Digital/Data/Technology,"Microsoft Excel, Word, or PowerPoint,Other",3.0,3.0,3.0,2.0,3.0,1.0,3.0,1.0,3.0,3.0,3.0,3.0,2.0,2.0,2.0,2.0,1.0,1.0,2.0,3.0,3.0,3.0,2.0,,,,30.0,5,,Other,1,Male,2.75,2.0,3.0,2.3333,1.6667,1.0
R_1DAM4wfEzBPrEYw,2022-12-05,1,274,5,Digital/Data/Technology,Digital/Data/Technology,"Microsoft Excel, Word, or PowerPoint,Business databases (e.g., PI, IDH, EDH, SAP, dbMap, or WellView)",6.0,6.0,6.0,6.0,5.0,6.0,5.0,4.0,4.0,4.0,4.0,4.0,3.0,4.0,5.0,6.0,6.0,5.0,4.0,5.0,3.0,3.0,2.0,1968,54,12.0,30.0,2,3,Bachelor's,1,Male,6.0,5.0,4.0,3.6667,5.6667,5.0
R_Q4YAwo525TlRaSZ,2022-12-05,1,637,2,Engineer,Engineer,"Microsoft Excel, Word, or PowerPoint,Business databases (e.g., PI, IDH, EDH, SAP, dbMap, or WellView)",3.0,3.0,2.0,3.0,2.0,3.0,3.0,3.0,3.0,3.0,3.0,4.0,4.0,2.0,3.0,3.0,3.0,3.0,2.0,3.0,3.0,2.0,2.0,,,,,2,3,Bachelor's,2,Female,2.75,2.75,3.0,3.3333,3.0,3.0
R_3O7Cc0s5odVCNGA,2022-12-05,1,311,2,Engineer,Engineer,"Microsoft Excel, Word, or PowerPoint,Business databases (e.g., PI, IDH, EDH, SAP, dbMap, or WellView),Internal business applications (e.g., DIMO, MyDay, WPA, Turndown Tool, or WIT),Other",5.0,4.0,5.0,5.0,5.0,5.0,5.0,4.0,5.0,6.0,5.0,6.0,4.0,4.0,5.0,5.0,5.0,4.0,4.0,5.0,4.0,3.0,4.0,1984,38,5.0,10.0,2,3,Bachelor's,1,Male,4.75,4.75,5.3333,4.6667,5.0,4.0
R_2WTmyao9rsXZyqW,2022-12-05,1,451,2,Engineer,Engineer,"Microsoft Excel, Word, or PowerPoint,MyDay, Tableau, PI Vision, or Spotfire,Business databases (e.g., PI, IDH, EDH, SAP, dbMap, or WellView)",1.0,4.0,5.0,5.0,3.0,4.0,4.0,4.0,5.0,4.0,2.0,5.0,1.0,1.0,4.0,4.0,3.0,1.0,5.0,4.0,4.0,3.0,3.0,1983,39,12.0,16.0,2,3,Bachelor's,2,Female,3.75,3.75,3.6667,2.3333,3.6667,1.0
R_3GCaYbYs3FZidxx,2022-12-05,1,614,1,Field Operations,Field Operations,"Microsoft Excel, Word, or PowerPoint,MyDay, Tableau, PI Vision, or Spotfire,Business databases (e.g., PI, IDH, EDH, SAP, dbMap, or WellView)",4.0,4.0,3.0,4.0,4.0,3.0,3.0,1.0,3.0,2.0,2.0,3.0,1.0,2.0,1.0,1.0,1.0,1.0,3.0,2.0,1.0,1.0,1.0,1988,34,6.0,17.0,7,2,Trade/professional cert,1,Male,3.75,2.75,2.3333,2.0,1.0,1.0
R_3spsdCXYx4FRd1W,2022-12-05,1,530,2,Engineer,Engineer,"Microsoft Excel, Word, or PowerPoint,MyDay, Tableau, PI Vision, or Spotfire,Business databases (e.g., PI, IDH, EDH, SAP, dbMap, or WellView)",1.0,3.0,3.0,4.0,5.0,4.0,4.0,3.0,3.0,5.0,5.0,5.0,3.0,2.0,2.0,2.0,2.0,2.0,2.0,3.0,4.0,3.0,3.0,1985,37,2.0,11.0,3,4,Master's,1,Male,2.75,4.0,4.3333,3.3333,2.0,2.0
R_2QXxCg2jyoyXkkC,2022-12-05,1,435,4,Corporate,Corporate,"Microsoft Excel, Word, or PowerPoint,MyDay, Tableau, PI Vision, or Spotfire,Business databases (e.g., PI, IDH, EDH, SAP, dbMap, or WellView)",1.0,4.0,3.0,4.0,4.0,3.0,4.0,2.0,5.0,1.0,4.0,5.0,1.0,1.0,1.0,1.0,1.0,2.0,3.0,4.0,4.0,2.0,3.0,1987,35,11.5,11.5,7,2,Trade/professional cert,2,Female,3.0,3.25,3.3333,2.3333,1.0,2.0
R_33klBZV3blQUy6M,2022-12-05,1,516,3,Commercial,Commercial,"Microsoft Excel, Word, or PowerPoint",2.0,3.0,5.0,5.0,5.0,5.0,5.0,2.0,3.0,3.0,3.0,3.0,2.0,2.0,2.0,2.0,2.0,3.0,3.0,3.0,2.0,1.0,1.0,1985,37,4.0,15.0,3,4,Master's,1,Male,3.75,4.25,3.0,2.3333,2.0,3.0
R_urFbuoIXrLKaeqd,2022-12-05,1,659,2,Engineer,Engineer,"Microsoft Excel, Word, or PowerPoint",1.0,2.0,2.0,2.0,3.0,2.0,2.0,2.0,4.0,5.0,4.0,5.0,3.0,2.0,2.0,2.0,2.0,2.0,2.0,4.0,2.0,3.0,3.0,,,10.0,20.0,3,4,Master's,1,Male,1.75,2.25,4.3333,3.3333,2.0,2.0
R_3PNrhGxKJJ7ix9X,2022-12-05,1,431,2,Engineer,Engineer,"Microsoft Excel, Word, or PowerPoint,MyDay, Tableau, PI Vision, or Spotfire,Business databases (e.g., PI, IDH, EDH, SAP, dbMap, or WellView),Internal business applications (e.g., DIMO, MyDay, WPA, Turndown Tool, or WIT)",2.0,3.0,3.0,6.0,5.0,3.0,3.0,2.0,3.0,3.0,2.0,3.0,2.0,4.0,3.0,3.0,4.0,3.0,3.0,4.0,4.0,3.0,3.0,1969,53,9.5,31.0,2,3,Bachelor's,2,Female,3.5,3.25,2.6667,3.0,3.3333,3.0
R_2XiivUCjWWdzgPF,2022-12-05,1,226,5,Digital/Data/Technology,Digital/Data/Technology,"Python or R,Business databases (e.g., PI, IDH, EDH, SAP, dbMap, or WellView)",5.0,5.0,5.0,6.0,4.0,6.0,4.0,4.0,4.0,4.0,3.0,4.0,3.0,3.0,4.0,4.0,4.0,5.0,4.0,4.0,4.0,2.0,,,,5.0,5.0,4,5,Doctoral,2,Female,5.25,4.5,3.6667,3.3333,4.0,5.0
R_2pLcZF6rAwRTaXt,2022-12-05,1,386,5,Digital/Data/Technology,Digital/Data/Technology,"Microsoft Excel, Word, or PowerPoint,Business databases (e.g., PI, IDH, EDH, SAP, dbMap, or WellView)",1.0,3.0,3.0,3.0,3.0,2.0,3.0,2.0,3.0,3.0,3.0,3.0,2.0,1.0,1.0,1.0,1.0,1.0,2.0,3.0,3.0,2.0,3.0,,,,,6,,Prefer not to say,4,Prefer not to say,2.5,2.5,3.0,2.0,1.0,1.0
R_2D2LHndVYEKrKeZ,2022-12-05,1,335,1,Field Operations,Field Operations,"Microsoft Excel, Word, or PowerPoint,Business databases (e.g., PI, IDH, EDH, SAP, dbMap, or WellView),Internal business applications (e.g., DIMO, MyDay, WPA, Turndown Tool, or WIT)",2.0,3.0,2.0,4.0,4.0,4.0,4.0,3.0,4.0,4.0,4.0,5.0,5.0,1.0,3.0,3.0,3.0,1.0,3.0,4.0,3.0,1.0,2.0,1986,36,5.0,11.0,7,2,Trade/professional cert,1,Male,2.75,3.75,4.0,3.6667,3.0,1.0
R_a5mP7EfgeDHIdXj,2022-12-05,1,468,4,Corporate,Corporate,"Microsoft Excel, Word, or PowerPoint,Business databases (e.g., PI, IDH, EDH, SAP, dbMap, or WellView)",2.0,4.0,4.0,5.0,4.0,5.0,4.0,2.0,4.0,4.0,4.0,4.0,4.0,3.0,3.0,3.0,5.0,2.0,2.0,4.0,4.0,2.0,3.0,1968,54,,,3,4,Master's,2,Female,3.75,3.75,4.0,3.6667,3.6667,2.0
R_3m3NcCZFq7Ls0Ts,2022-12-05,1,286,2,Engineer,Engineer,"Microsoft Excel, Word, or PowerPoint,MyDay, Tableau, PI Vision, or Spotfire,Business databases (e.g., PI, IDH, EDH, SAP, dbMap, or WellView),Internal business applications (e.g., DIMO, MyDay, WPA, Turndown Tool, or WIT)",3.0,4.0,3.0,4.0,4.0,4.0,4.0,3.0,4.0,2.0,2.0,3.0,3.0,2.0,3.0,3.0,4.0,2.0,3.0,4.0,4.0,4.0,4.0,1988,34,0.2,12.0,2,3,Bachelor's,1,Male,3.5,3.75,2.6667,2.6667,3.3333,2.0
R_3I45UiSQHNlvVtn,2022-12-05,1,630,2,Engineer,Engineer,"Microsoft Excel, Word, or PowerPoint,MyDay, Tableau, PI Vision, or Spotfire,Business databases (e.g., PI, IDH, EDH, SAP, dbMap, or WellView),Other",2.0,3.0,4.0,5.0,4.0,3.0,2.0,2.0,3.0,3.0,1.0,3.0,1.0,4.0,2.0,2.0,1.0,2.0,3.0,3.0,3.0,2.0,3.0,1981,41,5.0,5.0,2,3,Bachelor's,2,Female,3.5,2.75,2.3333,2.6667,1.6667,2.0
R_3Is5MVnhtFpE0Dv,2022-12-05,1,1513,2,Engineer,Engineer,"Microsoft Excel, Word, or PowerPoint",1.0,4.0,4.0,4.0,5.0,4.0,5.0,2.0,4.0,4.0,4.0,4.0,1.0,1.0,1.0,3.0,1.0,3.0,2.0,4.0,3.0,5.0,3.0,1988,34,1.0,5.0,2,3,Bachelor's,1,Male,3.25,4.0,4.0,2.0,1.6667,3.0
R_bKNXTVGHSoU6ThT,2022-12-05,1,371,7,Other,Other,"Microsoft Excel, Word, or PowerPoint,MyDay, Tableau, PI Vision, or Spotfire,Business databases (e.g., PI, IDH, EDH, SAP, dbMap, or WellView),Internal business applications (e.g., DIMO, MyDay, WPA, Turndown Tool, or WIT)",3.0,5.0,5.0,6.0,5.0,5.0,5.0,3.0,4.0,4.0,4.0,5.0,1.0,1.0,4.0,4.0,1.0,1.0,3.0,5.0,3.0,3.0,4.0,1983,39,14.0,14.0,2,3,Bachelor's,2,Female,4.75,4.5,4.0,2.3333,3.0,1.0
R_2Xp4y4wngRmrZNi,2022-12-05,1,312,5,Digital/Data/Technology,Digital/Data/Technology,"Microsoft Excel, Word, or PowerPoint,MyDay, Tableau, PI Vision, or Spotfire,Business databases (e.g., PI, IDH, EDH, SAP, dbMap, or WellView),Internal business applications (e.g., DIMO, MyDay, WPA, Turndown Tool, or WIT)",6.0,6.0,6.0,6.0,4.0,4.0,4.0,6.0,2.0,4.0,2.0,6.0,3.0,5.0,6.0,4.0,5.0,1.0,5.0,3.0,1.0,2.0,1.0,1974,48,4.0,4.0,2,3,Bachelor's,1,Male,6.0,4.5,2.6667,4.6667,5.0,1.0
R_1cSKssvTFOM3IUo,2022-12-05,1,2212,3,Commercial,Commercial,"Microsoft Excel, Word, or PowerPoint,Internal business applications (e.g., DIMO, MyDay, WPA, Turndown Tool, or WIT)",3.0,5.0,4.0,5.0,5.0,5.0,4.0,3.0,3.0,2.0,2.0,3.0,1.0,1.0,2.0,1.0,1.0,2.0,2.0,5.0,5.0,2.0,2.0,,,7.0,15.0,2,3,Bachelor's,2,Female,4.25,4.25,2.3333,1.6667,1.3333,2.0
R_2E6IgRyqdwzB8Vu,2022-12-05,1,412,1,Field Operations,Field Operations,"Microsoft Excel, Word, or PowerPoint,Business databases (e.g., PI, IDH, EDH, SAP, dbMap, or WellView)",5.0,5.0,5.0,6.0,5.0,6.0,5.0,4.0,5.0,4.0,4.0,5.0,3.0,3.0,4.0,4.0,3.0,3.0,3.0,5.0,3.0,2.0,3.0,1978,44,1.0,20.0,7,2,Trade/professional cert,1,Male,5.25,5.0,4.3333,3.6667,3.6667,3.0
R_3nGzxmWkMdENMAx,2022-12-05,1,589,7,Other,Other,"Microsoft Excel, Word, or PowerPoint,MyDay, Tableau, PI Vision, or Spotfire,Business databases (e.g., PI, IDH, EDH, SAP, dbMap, or WellView),Other",4.0,5.0,6.0,6.0,5.0,4.0,4.0,3.0,5.0,5.0,5.0,5.0,3.0,3.0,2.0,5.0,4.0,1.0,2.0,3.0,4.0,4.0,,1977,45,8.0,23.0,3,4,Master's,4,Prefer not to say,5.25,4.0,5.0,3.6667,3.6667,1.0
R_3qqlz5rgMvJrrug,2022-12-05,1,2766,2,Engineer,Engineer,"Microsoft Excel, Word, or PowerPoint,MyDay, Tableau, PI Vision, or Spotfire,Business databases (e.g., PI, IDH, EDH, SAP, dbMap, or WellView),Internal business applications (e.g., DIMO, MyDay, WPA, Turndown Tool, or WIT)",2.0,4.0,3.0,3.0,4.0,3.0,3.0,3.0,3.0,3.0,5.0,6.0,4.0,4.0,3.0,3.0,3.0,3.0,3.0,5.0,5.0,3.0,3.0,,,0.167,4.0,3,4,Master's,2,Female,3.0,3.25,3.6667,4.6667,3.0,3.0
R_2AHhewno568VqXV,2022-12-05,1,559,2,Engineer,Engineer,"Microsoft Excel, Word, or PowerPoint,MyDay, Tableau, PI Vision, or Spotfire,Business databases (e.g., PI, IDH, EDH, SAP, dbMap, or WellView),Internal business applications (e.g., DIMO, MyDay, WPA, Turndown Tool, or WIT)",2.0,3.0,4.0,4.0,4.0,3.0,3.0,2.0,4.0,4.0,2.0,3.0,1.0,1.0,2.0,2.0,2.0,2.0,3.0,4.0,4.0,3.0,2.0,1989,33,1.0,10.0,2,3,Bachelor's,1,Male,3.25,3.0,3.3333,1.6667,2.0,2.0
R_qBZ0WmtcauV8DV7,2022-12-05,1,349,3,Commercial,Commercial,"Microsoft Excel, Word, or PowerPoint",2.0,3.0,4.0,4.0,4.0,5.0,3.0,2.0,3.0,3.0,3.0,4.0,1.0,1.0,2.0,2.0,2.0,2.0,3.0,2.0,3.0,2.0,3.0,1983,39,12.0,15.0,2,3,Bachelor's,1,Male,3.25,3.5,3.0,2.0,2.0,2.0
R_4VDq9mrP4UhtYRj,2022-12-05,1,4493,7,Other,Other,"Microsoft Excel, Word, or PowerPoint,MyDay, Tableau, PI Vision, or Spotfire,Business databases (e.g., PI, IDH, EDH, SAP, dbMap, or WellView)",3.0,5.0,5.0,5.0,5.0,4.0,5.0,2.0,6.0,6.0,5.0,6.0,2.0,3.0,3.0,5.0,3.0,2.0,3.0,4.0,3.0,2.0,3.0,1990,32,8.0,8.0,3,4,Master's,1,Male,4.5,4.0,5.6667,3.6667,3.6667,2.0
R_3MRnpKB0ep7BRZz,2022-12-05,1,458,1,Field Operations,Field Operations,"MyDay, Tableau, PI Vision, or Spotfire",2.0,2.0,1.0,1.0,2.0,1.0,2.0,2.0,3.0,3.0,1.0,2.0,2.0,2.0,3.0,1.0,1.0,1.0,2.0,2.0,3.0,3.0,3.0,1963,59,9.0,30.0,7,2,Trade/professional cert,1,Male,1.5,1.75,2.3333,2.0,1.6667,1.0
R_BVwrte0nwAhIg2l,2022-12-05,1,386,6,Graduate,Other,"Microsoft Excel, Word, or PowerPoint,Other",3.0,4.0,5.0,4.0,6.0,6.0,5.0,4.0,5.0,6.0,5.0,6.0,2.0,2.0,5.0,2.0,2.0,1.0,3.0,4.0,4.0,2.0,3.0,1987,35,3.0,3.0,2,3,Bachelor's,2,Female,4.0,5.25,5.3333,3.3333,3.0,1.0
R_1qgn7LboCPeked2,2022-12-05,1,5222,6,Graduate,Other,"Microsoft Excel, Word, or PowerPoint,MyDay, Tableau, PI Vision, or Spotfire,Internal business applications (e.g., DIMO, MyDay, WPA, Turndown Tool, or WIT)",4.0,2.0,3.0,3.0,3.0,3.0,3.0,3.0,3.0,3.0,3.0,3.0,2.0,2.0,2.0,2.0,2.0,1.0,3.0,4.0,4.0,3.0,3.0,1982,40,2.5,2.5,5,,Other,2,Female,3.0,3.0,3.0,2.3333,2.0,1.0
R_29goxgNrrKEqlQU,2022-12-05,1,369,7,Other,Other,"Microsoft Excel, Word, or PowerPoint,Business databases (e.g., PI, IDH, EDH, SAP, dbMap, or WellView)",3.0,3.0,3.0,3.0,3.0,3.0,3.0,3.0,3.0,3.0,3.0,4.0,4.0,3.0,3.0,3.0,2.0,1.0,2.0,4.0,4.0,3.0,2.0,1981,41,12.0,12.0,3,4,Master's,1,Male,3.0,3.0,3.0,3.6667,2.6667,1.0
R_6yTFNihHnvThecp,2022-12-05,1,263,2,Engineer,Engineer,"Microsoft Excel, Word, or PowerPoint,MyDay, Tableau, PI Vision, or Spotfire,Business databases (e.g., PI, IDH, EDH, SAP, dbMap, or WellView),Internal business applications (e.g., DIMO, MyDay, WPA, Turndown Tool, or WIT)",4.0,3.0,6.0,6.0,2.0,2.0,2.0,2.0,4.0,4.0,4.0,4.0,2.0,2.0,2.0,2.0,3.0,1.0,2.0,4.0,3.0,3.0,3.0,1977,45,9.0,22.0,2,3,Bachelor's,1,Male,4.75,2.0,4.0,2.6667,2.3333,1.0
R_tYQ3s0VOH8mDdGV,2022-12-05,1,378,5,Digital/Data/Technology,Digital/Data/Technology,"Microsoft Excel, Word, or PowerPoint,Business databases (e.g., PI, IDH, EDH, SAP, dbMap, or WellView)",3.0,3.0,4.0,3.0,4.0,4.0,4.0,3.0,4.0,4.0,4.0,5.0,2.0,2.0,4.0,3.0,1.0,1.0,3.0,4.0,3.0,5.0,3.0,,,8.0,31.0,7,2,Trade/professional cert,2,Female,3.25,3.75,4.0,3.0,2.6667,1.0
R_5gumm5S1CLIXGAp,2022-12-05,1,2259,6,Graduate,Other,"Microsoft Excel, Word, or PowerPoint,MyDay, Tableau, PI Vision, or Spotfire,Business databases (e.g., PI, IDH, EDH, SAP, dbMap, or WellView),Internal business applications (e.g., DIMO, MyDay, WPA, Turndown Tool, or WIT),Other",2.0,5.0,5.0,5.0,5.0,5.0,5.0,3.0,4.0,4.0,4.0,5.0,3.0,4.0,3.0,4.0,4.0,2.0,3.0,4.0,4.0,2.0,3.0,1984,38,1.0,1.0,2,3,Bachelor's,2,Female,4.25,4.5,4.0,4.0,3.6667,2.0
R_3ps8jhLLDJV8j0F,2022-12-05,1,296,7,Other,Other,"Microsoft Excel, Word, or PowerPoint",3.0,2.0,2.0,2.0,2.0,2.0,2.0,2.0,3.0,4.0,4.0,5.0,4.0,3.0,2.0,2.0,2.0,1.0,2.0,4.0,3.0,2.0,3.0,1986,36,1.0,4.0,1,1,High school,2,Female,2.25,2.0,3.6667,4.0,2.0,1.0
R_3huLHTyplqh4mao,2022-12-05,1,381,7,Other,Other,"Microsoft Excel, Word, or PowerPoint,Business databases (e.g., PI, IDH, EDH, SAP, dbMap, or WellView),Other",3.0,5.0,4.0,3.0,2.0,3.0,3.0,2.0,4.0,3.0,3.0,3.0,2.0,3.0,3.0,2.0,3.0,3.0,2.0,4.0,4.0,3.0,1.0,1988,34,5.0,15.0,2,3,Bachelor's,1,Male,3.75,2.5,3.3333,2.6667,2.6667,3.0
R_Qhv0j2n7InlJQBP,2022-12-05,1,6648,7,Other,Other,"Microsoft Excel, Word, or PowerPoint,Business databases (e.g., PI, IDH, EDH, SAP, dbMap, or WellView)",2.0,3.0,4.0,4.0,4.0,4.0,4.0,2.0,5.0,4.0,4.0,4.0,2.0,3.0,3.0,1.0,2.0,1.0,3.0,5.0,5.0,3.0,4.0,1984,38,10.0,15.0,3,4,Master's,2,Female,3.25,3.5,4.3333,3.0,2.0,1.0
R_1GDeYW9RxlhVwZi,2022-12-05,1,288,4,Corporate,Corporate,"Microsoft Excel, Word, or PowerPoint",2.0,1.0,1.0,4.0,5.0,4.0,3.0,2.0,5.0,5.0,2.0,5.0,1.0,3.0,3.0,2.0,1.0,1.0,2.0,4.0,4.0,3.0,2.0,1980,42,15.0,20.0,2,3,Bachelor's,1,Male,2.0,3.5,4.0,3.0,2.0,1.0
R_3PSGXpK0JtUlkxr,2022-12-05,1,508,3,Commercial,Commercial,"Microsoft Excel, Word, or PowerPoint,MyDay, Tableau, PI Vision, or Spotfire,Business databases (e.g., PI, IDH, EDH, SAP, dbMap, or WellView),Internal business applications (e.g., DIMO, MyDay, WPA, Turndown Tool, or WIT)",3.0,4.0,4.0,4.0,4.0,3.0,3.0,3.0,2.0,2.0,3.0,2.0,1.0,1.0,2.0,2.0,2.0,1.0,2.0,3.0,4.0,4.0,3.0,1981,41,14.0,14.0,3,4,Master's,2,Female,3.75,3.25,2.3333,1.3333,2.0,1.0
R_3oZR01orcGv2lso,2022-12-05,1,463,1,Field Operations,Field Operations,"Microsoft Excel, Word, or PowerPoint,Business databases (e.g., PI, IDH, EDH, SAP, dbMap, or WellView),Internal business applications (e.g., DIMO, MyDay, WPA, Turndown Tool, or WIT)",1.0,2.0,1.0,1.0,2.0,1.0,2.0,1.0,3.0,3.0,3.0,2.0,1.0,2.0,2.0,1.0,1.0,1.0,2.0,3.0,3.0,3.0,2.0,1978,44,11.0,11.0,7,2,Trade/professional cert,1,Male,1.25,1.5,3.0,1.6667,1.3333,1.0
R_1OPQKY0jN1zGKZc,2022-12-05,1,731,1,Field Operations,Field Operations,"Business databases (e.g., PI, IDH, EDH, SAP, dbMap, or WellView)",2.0,3.0,3.0,4.0,4.0,3.0,5.0,4.0,4.0,4.0,4.0,4.0,2.0,4.0,4.0,5.0,5.0,2.0,5.0,5.0,5.0,3.0,4.0,1988,34,3.0,12.0,7,2,Trade/professional cert,1,Male,3.0,4.0,4.0,3.3333,4.6667,2.0
R_2ro5VAbMWKh6uTZ,2022-12-05,1,266,7,Other,Other,"Microsoft Excel, Word, or PowerPoint,Python or R,Other",3.0,4.0,4.0,4.0,4.0,4.0,4.0,2.0,4.0,4.0,5.0,4.0,4.0,4.0,4.0,4.0,4.0,2.0,3.0,4.0,4.0,5.0,2.0,1971,51,11.0,25.0,2,3,Bachelor's,1,Male,3.75,3.5,4.3333,4.0,4.0,2.0
R_BS6HYrMgP5nHsR3,2022-12-05,1,258,4,Corporate,Corporate,"Microsoft Excel, Word, or PowerPoint",1.0,2.0,4.0,5.0,4.0,2.0,4.0,2.0,4.0,4.0,2.0,5.0,3.0,4.0,2.0,3.0,3.0,2.0,3.0,4.0,4.0,4.0,2.0,,,10.0,25.0,3,4,Master's,2,Female,3.0,3.0,3.3333,4.0,2.6667,2.0
R_Qge3TrAmBx7fGA9,2022-12-05,1,1015,2,Engineer,Engineer,"Microsoft Excel, Word, or PowerPoint,Business databases (e.g., PI, IDH, EDH, SAP, dbMap, or WellView),Other",4.0,3.0,3.0,4.0,4.0,4.0,4.0,3.0,4.0,4.0,4.0,4.0,2.0,3.0,1.0,3.0,2.0,2.0,3.0,4.0,3.0,3.0,2.0,1973,49,9.0,20.0,3,4,Master's,1,Male,3.5,3.75,4.0,3.0,2.0,2.0
R_2wFEVrXvspsPOhf,2022-12-05,1,352,1,Field Operations,Field Operations,"Microsoft Excel, Word, or PowerPoint,MyDay, Tableau, PI Vision, or Spotfire,Business databases (e.g., PI, IDH, EDH, SAP, dbMap, or WellView),Internal business applications (e.g., DIMO, MyDay, WPA, Turndown Tool, or WIT)",1.0,3.0,3.0,2.0,3.0,1.0,3.0,1.0,3.0,2.0,2.0,4.0,3.0,1.0,1.0,1.0,1.0,1.0,2.0,4.0,4.0,3.0,4.0,1958,64,15.0,34.0,1,1,High school,1,Male,2.25,2.0,2.3333,2.6667,1.0,1.0
R_1ghK1eW3SRZuyDq,2022-12-05,1,415,1,Field Operations,Field Operations,"MyDay, Tableau, PI Vision, or Spotfire,Internal business applications (e.g., DIMO, MyDay, WPA, Turndown Tool, or WIT),Other",3.0,3.0,3.0,3.0,3.0,3.0,4.0,3.0,4.0,4.0,4.0,4.0,3.0,3.0,3.0,2.0,2.0,2.0,3.0,3.0,3.0,2.0,2.0,1979,43,10.0,10.0,2,3,Bachelor's,2,Female,3.0,3.25,4.0,3.3333,2.3333,2.0
R_6Ea4Ehod3QfR2qB,2022-12-05,1,273,4,Corporate,Corporate,"Microsoft Excel, Word, or PowerPoint",1.0,1.0,1.0,1.0,1.0,1.0,1.0,1.0,3.0,3.0,3.0,3.0,1.0,1.0,1.0,1.0,1.0,1.0,1.0,4.0,2.0,3.0,2.0,,,5.0,25.0,3,4,Master's,2,Female,1.0,1.0,3.0,1.6667,1.0,1.0
R_pa96hZrTHYQ0EN3,2022-12-06,1,2207,7,Other,Other,"Microsoft Excel, Word, or PowerPoint",1.0,1.0,1.0,1.0,3.0,3.0,3.0,2.0,3.0,4.0,4.0,3.0,2.0,3.0,3.0,3.0,3.0,1.0,2.0,5.0,5.0,3.0,3.0,1981,41,10.0,10.0,1,1,High school,1,Male,1.0,2.75,3.6667,2.6667,3.0,1.0
R_3EsPmEjq6bHHOjU,2022-12-06,1,1024,6,Graduate,Engineer,"Microsoft Excel, Word, or PowerPoint,Business databases (e.g., PI, IDH, EDH, SAP, dbMap, or WellView)",1.0,3.0,4.0,4.0,4.0,4.0,4.0,1.0,2.0,4.0,4.0,4.0,2.0,2.0,3.0,2.0,2.0,3.0,3.0,4.0,5.0,3.0,3.0,1996,26,3.0,3.0,2,3,Bachelor's,1,Male,3.0,3.25,3.3333,2.6667,2.3333,3.0
R_1d3UCpMwJUsbywX,2022-12-05,1,27589,6,Graduate,Corporate,"Microsoft Excel, Word, or PowerPoint,Business databases (e.g., PI, IDH, EDH, SAP, dbMap, or WellView),Other",1.0,1.0,2.0,4.0,4.0,3.0,3.0,2.0,2.0,2.0,3.0,4.0,1.0,1.0,2.0,2.0,2.0,1.0,2.0,3.0,2.0,2.0,,,,3.0,3.0,3,4,Master's,2,Female,2.0,3.0,2.3333,2.0,2.0,1.0
R_T7uMJ1FEH8fkcKt,2022-12-06,1,358,1,Field Operations,Field Operations,"Microsoft Excel, Word, or PowerPoint,MyDay, Tableau, PI Vision, or Spotfire,Business databases (e.g., PI, IDH, EDH, SAP, dbMap, or WellView),Internal business applications (e.g., DIMO, MyDay, WPA, Turndown Tool, or WIT)",3.0,2.0,4.0,4.0,3.0,3.0,3.0,2.0,2.0,2.0,2.0,3.0,1.0,1.0,3.0,2.0,2.0,2.0,2.0,4.0,4.0,4.0,2.0,1974,48,9.0,20.0,2,3,Bachelor's,1,Male,3.25,2.75,2.0,1.6667,2.3333,2.0
R_sLLykyHXb1Lz2et,2022-12-06,1,438,1,Field Operations,Field Operations,"Microsoft Excel, Word, or PowerPoint,MyDay, Tableau, PI Vision, or Spotfire,Business databases (e.g., PI, IDH, EDH, SAP, dbMap, or WellView),Internal business applications (e.g., DIMO, MyDay, WPA, Turndown Tool, or WIT)",4.0,4.0,5.0,4.0,4.0,4.0,5.0,4.0,4.0,4.0,4.0,4.0,4.0,4.0,3.0,4.0,3.0,2.0,3.0,4.0,3.0,4.0,3.0,1966,56,16.5,18.0,7,2,Trade/professional cert,1,Male,4.25,4.25,4.0,4.0,3.3333,2.0
R_VKhsyZfXFeouBXj,2022-11-29,0,439,1,Field Operations,Field Operations,"MyDay, Tableau, PI Vision, or Spotfire",2.0,2.0,3.0,3.0,4.0,3.0,3.0,2.0,3.0,3.0,3.0,3.0,3.0,,,,,,,,,,,,,,,,,,,,2.5,3.0,3.0,3.0,,
R_2V7TkCRpN1o63Fw,2022-12-06,1,508,2,Engineer,Engineer,"Microsoft Excel, Word, or PowerPoint",3.0,3.0,3.0,3.0,4.0,3.0,3.0,2.0,4.0,3.0,3.0,4.0,2.0,3.0,3.0,3.0,2.0,3.0,3.0,4.0,3.0,2.0,2.0,,,10.0,10.0,3,4,Master's,1,Male,3.0,3.0,3.3333,3.0,2.6667,3.0
R_3CNwdo0Xe4SCEgR,2022-12-06,1,495,1,Field Operations,Field Operations,"Microsoft Excel, Word, or PowerPoint,MyDay, Tableau, PI Vision, or Spotfire,Internal business applications (e.g., DIMO, MyDay, WPA, Turndown Tool, or WIT)",1.0,3.0,4.0,3.0,2.0,2.0,4.0,1.0,4.0,4.0,4.0,3.0,1.0,1.0,2.0,1.0,1.0,2.0,3.0,4.0,2.0,3.0,1.0,1973,49,6.0,12.0,7,2,Trade/professional cert,1,Male,2.75,2.25,4.0,1.6667,1.3333,2.0
R_2fd0lWEaagYa32L,2022-12-06,1,382,2,Engineer,Engineer,"Microsoft Excel, Word, or PowerPoint",3.0,3.0,4.0,5.0,4.0,3.0,5.0,4.0,5.0,5.0,5.0,6.0,3.0,4.0,3.0,4.0,3.0,2.0,3.0,4.0,4.0,1.0,1.0,1971,51,11.0,29.0,3,4,Master's,2,Female,3.75,4.0,5.0,4.3333,3.3333,2.0
R_2rCTnZBvn8xFVqc,2022-12-06,1,644,5,Digital/Data/Technology,Digital/Data/Technology,"Business databases (e.g., PI, IDH, EDH, SAP, dbMap, or WellView)",4.0,4.0,4.0,4.0,4.0,4.0,4.0,4.0,4.0,3.0,4.0,4.0,3.0,3.0,4.0,3.0,2.0,3.0,4.0,3.0,3.0,3.0,3.0,1980,42,12.0,12.0,5,,Other,1,Male,4.0,4.0,3.6667,3.3333,3.0,3.0
R_2zAYTp6ax2tRQGU,2022-12-06,1,411,7,Other,Other,"Microsoft Excel, Word, or PowerPoint,Business databases (e.g., PI, IDH, EDH, SAP, dbMap, or WellView),Other",1.0,2.0,2.0,3.0,2.0,2.0,2.0,2.0,3.0,3.0,3.0,3.0,2.0,2.0,2.0,2.0,2.0,1.0,1.0,4.0,4.0,4.0,3.0,1986,36,8.0,8.0,2,3,Bachelor's,1,Male,2.0,2.0,3.0,2.3333,2.0,1.0
R_2qdWG7Rcl3vJLsT,2022-12-06,1,375,1,Field Operations,Field Operations,"MyDay, Tableau, PI Vision, or Spotfire",3.0,3.0,3.0,4.0,4.0,3.0,4.0,3.0,3.0,3.0,4.0,4.0,2.0,2.0,3.0,3.0,3.0,2.0,2.0,5.0,3.0,1.0,2.0,1986,36,10.0,12.0,7,2,Trade/professional cert,1,Male,3.25,3.5,3.3333,2.6667,3.0,2.0
R_2fdHIDHzdarQgMd,2022-12-06,1,432,5,Digital/Data/Technology,Digital/Data/Technology,"MyDay, Tableau, PI Vision, or Spotfire,Business databases (e.g., PI, IDH, EDH, SAP, dbMap, or WellView),Other",5.0,3.0,3.0,3.0,5.0,5.0,5.0,5.0,4.0,3.0,4.0,5.0,3.0,3.0,3.0,3.0,3.0,4.0,4.0,4.0,4.0,3.0,3.0,1987,35,4.0,4.0,2,3,Bachelor's,2,Female,3.5,5.0,3.6667,3.6667,3.0,4.0
R_2BmrqHafbJKlJNs,2022-12-06,1,440,3,Commercial,Commercial,"Microsoft Excel, Word, or PowerPoint",1.0,4.0,4.0,4.0,5.0,4.0,5.0,1.0,5.0,4.0,3.0,4.0,2.0,3.0,3.0,2.0,2.0,1.0,2.0,4.0,4.0,3.0,,,,0.5,7.0,2,3,Bachelor's,2,Female,3.25,3.75,4.0,3.0,2.3333,1.0
R_1Lpz7zGP8jFDliI,2022-12-06,1,872,7,Other,Other,"Microsoft Excel, Word, or PowerPoint,Business databases (e.g., PI, IDH, EDH, SAP, dbMap, or WellView)",2.0,4.0,5.0,4.0,4.0,4.0,4.0,3.0,4.0,4.0,4.0,5.0,2.0,2.0,4.0,4.0,2.0,2.0,2.0,4.0,3.0,3.0,,1964,58,16.0,16.0,2,3,Bachelor's,1,Male,3.75,3.75,4.0,3.0,3.3333,2.0
R_2zVeu32I78UbzCV,2022-12-06,1,576,1,Field Operations,Field Operations,"Microsoft Excel, Word, or PowerPoint,Business databases (e.g., PI, IDH, EDH, SAP, dbMap, or WellView),Internal business applications (e.g., DIMO, MyDay, WPA, Turndown Tool, or WIT)",4.0,3.0,2.0,3.0,3.0,3.0,3.0,3.0,4.0,4.0,3.0,4.0,4.0,3.0,3.0,3.0,3.0,1.0,3.0,3.0,3.0,3.0,2.0,1978,44,15.0,15.0,7,2,Trade/professional cert,1,Male,3.0,3.0,3.6667,3.6667,3.0,1.0
R_2dMxzetDLMsB3DD,2022-12-06,1,306,2,Engineer,Engineer,"Microsoft Excel, Word, or PowerPoint",1.0,1.0,2.0,3.0,4.0,2.0,3.0,1.0,3.0,3.0,3.0,4.0,1.0,3.0,2.0,2.0,3.0,2.0,2.0,4.0,2.0,4.0,3.0,1984,38,13.0,13.0,2,3,Bachelor's,1,Male,1.75,2.5,3.0,2.6667,2.3333,2.0
R_3e2IF3cYzjXHAAa,2022-12-06,1,363,7,Other,Other,"Microsoft Excel, Word, or PowerPoint,Other",2.0,4.0,3.0,3.0,5.0,2.0,3.0,2.0,3.0,3.0,3.0,4.0,4.0,2.0,2.0,4.0,4.0,1.0,2.0,4.0,4.0,3.0,4.0,1977,45,11.0,12.0,3,4,Master's,2,Female,3.0,3.0,3.0,3.3333,3.3333,1.0
R_2aPK9XKejwzMW84,2022-11-28,0,71865,5,Digital/Data/Technology,Digital/Data/Technology,"Microsoft Excel, Word, or PowerPoint,Other",2.0,2.0,2.0,3.0,5.0,2.0,,,,,,,,,,,,,,,,,,,,,,,,,,,2.25,3.5,,,,
R_1ITovhm3bvkDZDz,2022-11-29,0,88,2,Engineer,Engineer,"Microsoft Excel, Word, or PowerPoint,Internal business applications (e.g., DIMO, MyDay, WPA, Turndown Tool, or WIT)",,,,,,,,,,,,,,,,,,,,,,,,,,,,,,,,,,,,,,
R_3qqH3zGMLUPNcyK,2022-12-07,1,499,1,Field Operations,Field Operations,"MyDay, Tableau, PI Vision, or Spotfire",4.0,3.0,3.0,3.0,4.0,3.0,3.0,3.0,3.0,4.0,4.0,4.0,3.0,3.0,3.0,2.0,2.0,2.0,3.0,3.0,3.0,3.0,,1973,49,11.0,11.0,7,2,Trade/professional cert,1,Male,3.25,3.25,3.6667,3.3333,2.3333,2.0
R_2cbjOqCTEW50HUJ,2022-11-30,0,203,5,Digital/Data/Technology,Digital/Data/Technology,"Internal business applications (e.g., DIMO, MyDay, WPA, Turndown Tool, or WIT)",4.0,,,,,,,,,,,,,,,,,,,,,,,,,,,,,,,,4.0,,,,,
R_1CkJ0Y8xTJlOXEu,2022-12-07,1,443,1,Field Operations,Field Operations,"Microsoft Excel, Word, or PowerPoint,MyDay, Tableau, PI Vision, or Spotfire,Business databases (e.g., PI, IDH, EDH, SAP, dbMap, or WellView),Internal business applications (e.g., DIMO, MyDay, WPA, Turndown Tool, or WIT)",6.0,5.0,4.0,4.0,4.0,3.0,4.0,2.0,4.0,5.0,5.0,4.0,1.0,1.0,2.0,3.0,2.0,6.0,3.0,3.0,4.0,2.0,2.0,1984,38,13.0,13.0,2,3,Bachelor's,1,Male,4.75,3.25,4.6667,2.0,2.3333,6.0
R_3qkd6XawtcPMGbT,2022-12-07,1,705,1,Field Operations,Field Operations,"Business databases (e.g., PI, IDH, EDH, SAP, dbMap, or WellView),Internal business applications (e.g., DIMO, MyDay, WPA, Turndown Tool, or WIT),Other",3.0,3.0,4.0,4.0,4.0,4.0,4.0,3.0,4.0,4.0,3.0,4.0,4.0,4.0,3.0,3.0,3.0,1.0,2.0,5.0,4.0,4.0,3.0,1971,51,20.0,20.0,7,2,Trade/professional cert,1,Male,3.5,3.75,3.6667,4.0,3.0,1.0
R_rkFVkfN61aIDA9X,2022-12-08,1,254,7,Other,Other,"Microsoft Excel, Word, or PowerPoint",2.0,6.0,6.0,6.0,6.0,5.0,4.0,3.0,6.0,6.0,6.0,6.0,2.0,3.0,3.0,4.0,2.0,3.0,2.0,5.0,5.0,4.0,4.0,1974,48,1.0,18.0,3,4,Master's,1,Male,5.0,4.5,6.0,3.6667,3.0,3.0
R_1KlLCnan7ROi6Y8,2022-12-01,0,7,,,,,,,,,,,,,,,,,,,,,,,,,,,,,,,,,,,,,,,,,,
R_3fNX5Xau6oo3W6x,2022-12-01,0,103,5,Digital/Data/Technology,Digital/Data/Technology,"Microsoft Excel, Word, or PowerPoint,Other",2.0,3.0,2.0,,,,,,,,,,,,,,,,,,,,,,,,,,,,,,2.3333,,,,,
R_Xpk3pnozMNaxBwR,2022-12-01,0,3760,5,Digital/Data/Technology,Digital/Data/Technology,"Microsoft Excel, Word, or PowerPoint,Business databases (e.g., PI, IDH, EDH, SAP, dbMap, or WellView),Internal business applications (e.g., DIMO, MyDay, WPA, Turndown Tool, or WIT),Other",,,,,,,,,,,,,,,,,,,,,,,,,,,,,,,,,,,,,,
R_3nH0bayaBD7xQNw,2022-12-01,0,3521,,,,,,,,,,,,,,,,,,,,,,,,,,,,,,,,,,,,,,,,,,
R_2ZBKkfvIcvJA37p,2022-12-08,1,1348,5,Digital/Data/Technology,Digital/Data/Technology,"Microsoft Excel, Word, or PowerPoint,MyDay, Tableau, PI Vision, or Spotfire,Business databases (e.g., PI, IDH, EDH, SAP, dbMap, or WellView),Internal business applications (e.g., DIMO, MyDay, WPA, Turndown Tool, or WIT)",4.0,4.0,4.0,5.0,4.0,5.0,4.0,5.0,4.0,3.0,3.0,4.0,2.0,3.0,4.0,4.0,4.0,2.0,4.0,4.0,4.0,3.0,3.0,1970,52,7.0,20.0,3,4,Master's,1,Male,4.25,4.5,3.3333,3.0,4.0,2.0
R_3M5a1Gv84mwwTPw,2022-12-01,0,239782,,,,,,,,,,,,,,,,,,,,,,,,,,,,,,,,,,,,,,,,,,
R_3dFYE51Ny9PdG7R,2022-12-12,1,215,2,Engineer,Engineer,"Microsoft Excel, Word, or PowerPoint,MyDay, Tableau, PI Vision, or Spotfire,Business databases (e.g., PI, IDH, EDH, SAP, dbMap, or WellView),Internal business applications (e.g., DIMO, MyDay, WPA, Turndown Tool, or WIT)",2.0,3.0,3.0,3.0,4.0,3.0,4.0,3.0,4.0,4.0,4.0,4.0,2.0,3.0,3.0,3.0,4.0,2.0,2.0,4.0,4.0,3.0,3.0,1976,46,0.5,25.0,2,3,Bachelor's,1,Male,2.75,3.5,4.0,3.0,3.3333,2.0
R_1i8meZccOv4i1bk,2022-12-05,0,333,5,Digital/Data/Technology,Digital/Data/Technology,Other,4.0,4.0,4.0,4.0,4.0,4.0,4.0,3.0,4.0,3.0,4.0,4.0,3.0,3.0,,,,,,,,,,,,,,,,,,,4.0,3.75,3.6667,3.3333,,
R_1QiKms2AK9ekWb1,2022-12-05,0,8,,,,,,,,,,,,,,,,,,,,,,,,,,,,,,,,,,,,,,,,,,
R_1nN0RuIIKuGye9H,2022-12-05,0,19,,,,,,,,,,,,,,,,,,,,,,,,,,,,,,,,,,,,,,,,,,
R_3NUKIj5WEjZiuKX,2022-12-05,0,239,1,Field Operations,Field Operations,"Microsoft Excel, Word, or PowerPoint",1.0,3.0,,,,,,,,,,,,,,,,,,,,,,,,,,,,,,,2.0,,,,,
R_2VlNk6PdV9EjpCr,2022-12-05,0,124,4,Corporate,Corporate,"Microsoft Excel, Word, or PowerPoint",1.0,,,,,,,,,,,,,,,,,,,,,,,,,,,,,,,,1.0,,,,,
R_3KMw2wjIzBRd2xO,2022-12-12,1,772,2,Engineer,Engineer,"Microsoft Excel, Word, or PowerPoint,MyDay, Tableau, PI Vision, or Spotfire",2.0,3.0,4.0,4.0,4.0,3.0,3.0,2.0,3.0,3.0,1.0,2.0,1.0,2.0,1.0,1.0,1.0,1.0,2.0,5.0,5.0,4.0,4.0,1978,44,4.5,22.0,2,3,Bachelor's,1,Male,3.25,3.0,2.3333,1.6667,1.0,1.0
R_9ojxoYFI6k2Oz1D,2022-12-05,0,10,,,,,,,,,,,,,,,,,,,,,,,,,,,,,,,,,,,,,,,,,,
R_2rUThxPudZFm3YD,2022-12-05,0,31,,,,,,,,,,,,,,,,,,,,,,,,,,,,,,,,,,,,,,,,,,
R_VVafIlKNrL26xb3,2022-12-05,0,164,4,Corporate,Corporate,"Microsoft Excel, Word, or PowerPoint",,,,,,,,,,,,,,,,,,,,,,,,,,,,,,,,,,,,,,
R_1EhtcVXVZeU7pS8,2022-12-05,0,47,,,,,,,,,,,,,,,,,,,,,,,,,,,,,,,,,,,,,,,,,,
R_1pmQZCohskm8nGM,2022-12-05,0,27,2,Engineer,Engineer,,,,,,,,,,,,,,,,,,,,,,,,,,,,,,,,,,,,,,,
R_1doh5tIdL0CmQ3Z,2022-12-05,0,52,5,Digital/Data/Technology,Digital/Data/Technology,,,,,,,,,,,,,,,,,,,,,,,,,,,,,,,,,,,,,,,
R_1oAzoR0295SiG4r,2022-12-05,0,28,,,,,,,,,,,,,,,,,,,,,,,,,,,,,,,,,,,,,,,,,,
R_3lz6w1QDWYrlC2Y,2022-12-05,0,64,,,,,,,,,,,,,,,,,,,,,,,,,,,,,,,,,,,,,,,,,,
R_cRZWhUxFnstx3AR,2022-12-05,0,54,4,Corporate,Corporate,"Microsoft Excel, Word, or PowerPoint",3.0,,,,,,,,,,,,,,,,,,,,,,,,,,,,,,,,3.0,,,,,
R_3nO9BamJFqFcQfp,2022-12-05,0,48,1,Field Operations,Field Operations,"MyDay, Tableau, PI Vision, or Spotfire",,,,,,,,,,,,,,,,,,,,,,,,,,,,,,,,,,,,,,
R_3JF73y7JxLaauV7,2022-12-05,0,277,5,Digital/Data/Technology,Digital/Data/Technology,"Microsoft Excel, Word, or PowerPoint",2.0,2.0,3.0,3.0,5.0,3.0,4.0,3.0,5.0,4.0,4.0,5.0,3.0,3.0,3.0,2.0,2.0,2.0,2.0,3.0,4.0,,,,,,,,,,,,2.5,3.75,4.3333,3.6667,2.3333,2.0
R_1reuphbtrv4PD3M,2022-12-05,0,6782,3,Commercial,Commercial,"Microsoft Excel, Word, or PowerPoint,Business databases (e.g., PI, IDH, EDH, SAP, dbMap, or WellView),Internal business applications (e.g., DIMO, MyDay, WPA, Turndown Tool, or WIT)",2.0,3.0,3.0,4.0,3.0,,,,,,,,,,,,,,,,,,,,,,,,,,,,3.0,3.0,,,,
R_1ih75mvgpnsACiP,2022-12-12,1,827,5,Digital/Data/Technology,Digital/Data/Technology,"Microsoft Excel, Word, or PowerPoint,Business databases (e.g., PI, IDH, EDH, SAP, dbMap, or WellView),Other",2.0,3.0,4.0,3.0,5.0,3.0,4.0,2.0,4.0,4.0,3.0,4.0,1.0,3.0,3.0,5.0,2.0,1.0,3.0,5.0,5.0,3.0,3.0,1972,50,9.0,15.0,7,2,Trade/professional cert,1,Male,3.0,3.5,3.6667,2.6667,3.3333,1.0
R_3CUumMvePOttZv3,2022-12-05,0,16958,4,Corporate,Corporate,"Microsoft Excel, Word, or PowerPoint,MyDay, Tableau, PI Vision, or Spotfire,Business databases (e.g., PI, IDH, EDH, SAP, dbMap, or WellView)",,,,,,,,,,,,,,,,,,,,,,,,,,,,,,,,,,,,,,
R_3RfJ0T9uP5bsCIb,2022-12-05,0,114,7,Other,Other,"Microsoft Excel, Word, or PowerPoint,Business databases (e.g., PI, IDH, EDH, SAP, dbMap, or WellView)",2.0,3.0,3.0,3.0,4.0,,,,,,,,,,,,,,,,,,,,,,,,,,,,2.75,4.0,,,,
R_2VkeIj3vgROm8Ab,2022-12-06,0,1826,1,Field Operations,Field Operations,"Microsoft Excel, Word, or PowerPoint,Business databases (e.g., PI, IDH, EDH, SAP, dbMap, or WellView),Internal business applications (e.g., DIMO, MyDay, WPA, Turndown Tool, or WIT)",4.0,4.0,4.0,5.0,4.0,,,,,,,,,,,,,,,,,,,,,,,,,,,,4.25,4.0,,,,
R_1o1NlUaq5YL0wK8,2022-12-06,0,264,,,,,,,,,,,,,,,,,,,,,,,,,,,,,,,,,,,,,,,,,,
R_271dUkKfxhSgEmG,2022-12-06,0,142,1,Field Operations,Field Operations,"Microsoft Excel, Word, or PowerPoint,MyDay, Tableau, PI Vision, or Spotfire,Business databases (e.g., PI, IDH, EDH, SAP, dbMap, or WellView),Internal business applications (e.g., DIMO, MyDay, WPA, Turndown Tool, or WIT)",2.0,2.0,5.0,5.0,3.0,4.0,4.0,,,,,,,,,,,,,,,,,,,,,,,,,,3.5,3.6667,,,,
R_3hGQ6eLsWPOnEtC,2022-12-06,0,910,,,,,,,,,,,,,,,,,,,,,,,,,,,,,,,,,,,,,,,,,,
R_1FFjcVCQxdwV2tj,2022-12-07,0,52,,,,,,,,,,,,,,,,,,,,,,,,,,,,,,,,,,,,,,,,,,
R_23gzkcPsqhViLxW,2022-12-07,0,712,2,Engineer,Engineer,"Microsoft Excel, Word, or PowerPoint,Business databases (e.g., PI, IDH, EDH, SAP, dbMap, or WellView)",4.0,3.0,2.0,4.0,5.0,3.0,,,,,,,,,,,,,,,,,,,,,,,,,,,3.25,4.0,,,,
R_2rJB4WhxzTmCguv,2022-12-08,0,114,3,Commercial,Commercial,"Microsoft Excel, Word, or PowerPoint",2.0,,,,,,,,,,,,,,,,,,,,,,,,,,,,,,,,2.0,,,,,
R_1GIE5RFWLdkM7px,2022-12-05,0,522623,,,,,,,,,,,,,,,,,,,,,,,,,,,,,,,,,,,,,,,,,,
R_2qwMEOw9ryTVINq,2022-12-19,1,514,5,Digital/Data/Technology,Digital/Data/Technology,"Microsoft Excel, Word, or PowerPoint,MyDay, Tableau, PI Vision, or Spotfire,Python or R,Business databases (e.g., PI, IDH, EDH, SAP, dbMap, or WellView),Internal business applications (e.g., DIMO, MyDay, WPA, Turndown Tool, or WIT)",5.0,5.0,6.0,6.0,5.0,5.0,5.0,3.0,4.0,3.0,4.0,4.0,2.0,4.0,3.0,3.0,2.0,4.0,3.0,4.0,4.0,3.0,3.0,1975,47,2.0,25.0,2,3,Bachelor's,1,Male,5.5,4.5,3.6667,3.3333,2.6667,4.0
R_vq3U5ugGxKbILJf,2022-12-13,0,156,1,Field Operations,Field Operations,"MyDay, Tableau, PI Vision, or Spotfire,Internal business applications (e.g., DIMO, MyDay, WPA, Turndown Tool, or WIT)",4.0,,,,,,,,,,,,,,,,,,,,,,,,,,,,,,,,4.0,,,,,
R_2B40rusV4GrH1hq,2022-12-21,1,3239,7,Other,Other,"Microsoft Excel, Word, or PowerPoint,Business databases (e.g., PI, IDH, EDH, SAP, dbMap, or WellView)",2.0,2.0,2.0,4.0,6.0,2.0,4.0,2.0,5.0,4.0,4.0,4.0,1.0,5.0,3.0,3.0,5.0,2.0,3.0,5.0,5.0,3.0,3.0,1976,46,5.5,,3,4,Master's,2,Female,2.5,3.5,4.3333,3.3333,3.6667,2.0
